Frequency,Amplitude
0.0000,9.6973
11.7159,6.5369
23.4318,5.2128
35.1477,6.0329
46.8636,4.0665
58.5794,2.5615
70.2953,0.8304
82.0112,0.4792
93.7271,-0.0606
105.4430,-1.8491
117.1589,-1.8827
128.8748,-1.3299
140.5907,-1.5266
152.3066,-1.6435
164.0225,-0.4664
175.7383,0.1303
187.4542,0.4545
199.1701,0.6444
210.8860,0.7159
222.6019,0.3764
234.3178,0.1649
246.0337,-0.0866
257.7496,-0.4877
269.4655,-0.7955
281.1814,-1.4564
292.8972,-2.4396
304.6131,-2.8034
316.3290,-2.4982
328.0449,-2.8950
339.7608,-3.0919
351.4767,-3.9464
363.1926,-4.9139
374.9085,-4.9587
386.6244,-4.8577
398.3402,-4.7256
410.0561,-4.5847
421.7720,-4.4480
433.4879,-4.3184
445.2038,-4.2004
456.9197,-4.0988
468.6356,-4.0189
480.3515,-3.9660
492.0674,-3.9474
503.7833,-3.9785
515.4991,-4.0807
527.2150,-4.2992
538.9309,-4.7305
550.6468,-5.6203
562.3627,-7.6283
574.0786,-10.3880
585.7945,-7.7471
597.5104,-4.9072
609.2263,-3.5359
620.9422,-2.7013
632.6580,-2.3189
644.3739,-2.2621
656.0898,-1.4311
667.8057,-0.4067
679.5216,0.1307
691.2375,0.3961
702.9534,0.1254
714.6693,-0.0507
726.3852,0.0167
738.1010,0.0821
749.8169,0.1112
761.5328,0.0826
773.2487,-0.0373
784.9646,-0.1830
796.6805,-0.2223
808.3964,-0.1983
820.1123,-0.1658
831.8282,-0.1366
843.5441,-0.1110
855.2599,-0.0859
866.9758,-0.0607
878.6917,-0.0297
890.4076,0.0196
902.1235,0.1266
913.8394,0.3046
925.5553,0.4665
937.2712,0.5569
948.9871,0.6028
960.7030,0.6318
972.4188,0.6558
984.1347,0.6797
995.8506,0.7046
1007.5665,0.7294
1019.2824,0.7559
1030.9983,0.7818
1042.7142,0.8070
1054.4301,0.8290
1066.1460,0.8471
1077.8619,0.8588
1089.5777,0.8609
1101.2936,0.8524
1113.0095,0.8305
1124.7254,0.7984
1136.4413,0.7624
1148.1572,0.7326
1159.8731,0.7164
1171.5890,0.7181
1183.3049,0.7370
1195.0207,0.7679
1206.7366,0.8055
1218.4525,0.8467
1230.1684,0.8886
1241.8843,0.9303
1253.6002,0.9711
1265.3161,1.0101
1277.0320,1.0470
1288.7479,1.0828
1300.4638,1.1167
1312.1796,1.1503
1323.8955,1.1818
1335.6114,1.2121
1347.3273,1.2409
1359.0432,1.2687
1370.7591,1.2964
1382.4750,1.3230
1394.1909,1.3490
1405.9068,1.3738
1417.6227,1.3990
1429.3385,1.4242
1441.0544,1.4502
1452.7703,1.4767
1464.4862,1.5054
1476.2021,1.5364
1487.9180,1.5720
1499.6339,1.6133
1511.3498,1.6621
1523.0657,1.7184
1534.7815,1.7852
1546.4974,1.8602
1558.2133,1.9415
1569.9292,2.0264
1581.6451,2.1116
1593.3610,2.1943
1605.0769,2.2759
1616.7928,2.3560
1628.5087,2.4379
1640.2246,2.5257
1651.9404,2.6247
1663.6563,2.7359
1675.3722,2.8511
1687.0881,2.9413
1698.8040,2.9652
1710.5199,2.9167
1722.2358,2.8378
1733.9517,2.7672
1745.6676,2.7199
1757.3835,2.6919
1769.0993,2.6801
1780.8152,2.6790
1792.5311,2.6846
1804.2470,2.6954
1815.9629,2.7099
1827.6788,2.7266
1839.3947,2.7459
1851.1106,2.7660
1862.8265,2.7875
1874.5423,2.8101
1886.2582,2.8335
1897.9741,2.8573
1909.6900,2.8822
1921.4059,2.9075
1933.1218,2.9332
1944.8377,2.9600
1956.5536,2.9871
1968.2695,3.0146
1979.9854,3.0434
1991.7012,3.0723
2003.4171,3.1023
2015.1330,3.1329
2026.8489,3.1648
2038.5648,3.1977
2050.2807,3.2316
2061.9966,3.2666
2073.7125,3.3033
2085.4284,3.3412
2097.1443,3.3812
2108.8601,3.4226
2120.5760,3.4664
2132.2919,3.5125
2144.0078,3.5614
2155.7237,3.6125
2167.4396,3.6665
2179.1555,3.7229
2190.8714,3.7817
2202.5873,3.8426
2214.3031,3.9043
2226.0190,3.9652
2237.7349,4.0233
2249.4508,4.0771
2261.1667,4.1234
2272.8826,4.1615
2284.5985,4.1897
2296.3144,4.2090
2308.0303,4.2205
2319.7462,4.2268
2331.4620,4.2301
2343.1779,4.2333
2354.8938,4.2372
2366.6097,4.2436
2378.3256,4.2527
2390.0415,4.2655
2401.7574,4.2816
2413.4733,4.3006
2425.1892,4.3224
2436.9051,4.3472
2448.6209,4.3743
2460.3368,4.4032
2472.0527,4.4343
2483.7686,4.4667
2495.4845,4.5006
2507.2004,4.5358
2518.9163,4.5718
2530.6322,4.6082
2542.3481,4.6451
2554.0639,4.6821
2565.7798,4.7191
2577.4957,4.7551
2589.2116,4.7905
2600.9275,4.8236
2612.6434,4.8541
2624.3593,4.8810
2636.0752,4.9032
2647.7911,4.9206
2659.5070,4.9339
2671.2228,4.9455
2682.9387,4.9589
2694.6546,4.9775
2706.3705,5.0018
2718.0864,5.0321
2729.8023,5.0664
2741.5182,5.1027
2753.2341,5.1404
2764.9500,5.1780
2776.6659,5.2148
2788.3817,5.2510
2800.0976,5.2867
2811.8135,5.3213
2823.5294,5.3545
2835.2453,5.3873
2846.9612,5.4185
2858.6771,5.4489
2870.3930,5.4782
2882.1089,5.5064
2893.8247,5.5334
2905.5406,5.5599
2917.2565,5.5850
2928.9724,5.6090
2940.6883,5.6321
2952.4042,5.6545
2964.1201,5.6764
2975.8360,5.6980
2987.5519,5.7203
2999.2678,5.7440
3010.9836,5.7699
3022.6995,5.7996
3034.4154,5.8333
3046.1313,5.8698
3057.8472,5.9082
3069.5631,5.9453
3081.2790,5.9790
3092.9949,6.0086
3104.7108,6.0332
3116.4267,6.0534
3128.1425,6.0701
3139.8584,6.0834
3151.5743,6.0943
3163.2902,6.1035
3175.0061,6.1110
3186.7220,6.1175
3198.4379,6.1230
3210.1538,6.1275
3221.8697,6.1319
3233.5856,6.1356
3245.3014,6.1391
3257.0173,6.1425
3268.7332,6.1461
3280.4491,6.1498
3292.1650,6.1543
3303.8809,6.1595
3315.5968,6.1668
3327.3127,6.1755
3339.0286,6.1869
3350.7444,6.2019
3362.4603,6.2209
3374.1762,6.2444
3385.8921,6.2721
3397.6080,6.3028
3409.3239,6.3341
3421.0398,6.3633
3432.7557,6.3876
3444.4716,6.4059
3456.1875,6.4180
3467.9033,6.4254
3479.6192,6.4288
3491.3351,6.4299
3503.0510,6.4292
3514.7669,6.4277
3526.4828,6.4262
3538.1987,6.4238
3549.9146,6.4219
3561.6305,6.4195
3573.3464,6.4173
3585.0622,6.4146
3596.7781,6.4121
3608.4940,6.4095
3620.2099,6.4065
3631.9258,6.4033
3643.6417,6.3990
3655.3576,6.3939
3667.0735,6.3861
3678.7894,6.3750
3690.5052,6.3595
3702.2211,6.3387
3713.9370,6.3119
3725.6529,6.2804
3737.3688,6.2461
3749.0847,6.2108
3760.8006,6.1774
3772.5165,6.1470
3784.2324,6.1204
3795.9483,6.0976
3807.6641,6.0783
3819.3800,6.0621
3831.0959,6.0484
3842.8118,6.0365
3854.5277,6.0262
3866.2436,6.0172
3877.9595,6.0091
3889.6754,6.0016
3901.3913,5.9949
3913.1072,5.9886
3924.8230,5.9827
3936.5389,5.9770
3948.2548,5.9718
3959.9707,5.9666
3971.6866,5.9617
3983.4025,5.9570
3995.1184,5.9525
4006.8343,5.9480
4018.5502,5.9437
4030.2660,5.9394
4041.9819,5.9352
4053.6978,5.9308
4065.4137,5.9268
4077.1296,5.9226
4088.8455,5.9183
4100.5614,5.9141
4112.2773,5.9097
4123.9932,5.9054
4135.7091,5.9009
4147.4249,5.8962
4159.1408,5.8915
4170.8567,5.8864
4182.5726,5.8812
4194.2885,5.8757
4206.0044,5.8699
4217.7203,5.8641
4229.4362,5.8575
4241.1521,5.8508
4252.8680,5.8439
4264.5838,5.8363
4276.2997,5.8284
4288.0156,5.8202
4299.7315,5.8114
4311.4474,5.8023
4323.1633,5.7925
4334.8792,5.7823
4346.5951,5.7716
4358.3110,5.7605
4370.0268,5.7488
4381.7427,5.7367
4393.4586,5.7241
4405.1745,5.7111
4416.8904,5.6976
4428.6063,5.6839
4440.3222,5.6700
4452.0381,5.6558
4463.7540,5.6411
4475.4699,5.6265
4487.1857,5.6118
4498.9016,5.5971
4510.6175,5.5826
4522.3334,5.5682
4534.0493,5.5546
4545.7652,5.5411
4557.4811,5.5283
4569.1970,5.5165
4580.9129,5.5053
4592.6288,5.4953
4604.3446,5.4863
4616.0605,5.4785
4627.7764,5.4722
4639.4923,5.4674
4651.2082,5.4640
4662.9241,5.4628
4674.6400,5.4630
4686.3559,5.4649
4698.0718,5.4690
4709.7876,5.4750
4721.5035,5.4826
4733.2194,5.4926
4744.9353,5.5044
4756.6512,5.5176
4768.3671,5.5329
4780.0830,5.5498
4791.7989,5.5682
4803.5148,5.5882
4815.2307,5.6092
4826.9465,5.6318
4838.6624,5.6550
4850.3783,5.6791
4862.0942,5.7040
4873.8101,5.7290
4885.5260,5.7542
4897.2419,5.7797
4908.9578,5.8049
4920.6737,5.8296
4932.3896,5.8539
4944.1054,5.8773
4955.8213,5.8995
4967.5372,5.9206
4979.2531,5.9402
4990.9690,5.9581
5002.6849,5.9741
5014.4008,5.9879
5026.1167,5.9995
5037.8326,6.0085
5049.5485,6.0150
5061.2643,6.0185
5072.9802,6.0187
5084.6961,6.0160
5096.4120,6.0097
5108.1279,6.0002
5119.8438,5.9865
5131.5597,5.9692
5143.2756,5.9479
5154.9915,5.9223
5166.7073,5.8926
5178.4232,5.8583
5190.1391,5.8191
5201.8550,5.7757
5213.5709,5.7272
5225.2868,5.6733
5237.0027,5.6140
5248.7186,5.5494
5260.4345,5.4784
5272.1504,5.4014
5283.8662,5.3180
5295.5821,5.2277
5307.2980,5.1303
5319.0139,5.0252
5330.7298,4.9122
5342.4457,4.7908
5354.1616,4.6609
5365.8775,4.5219
5377.5934,4.3734
5389.3093,4.2156
5401.0251,4.0481
5412.7410,3.8711
5424.4569,3.6849
5436.1728,3.4898
5447.8887,3.2872
5459.6046,3.0781
5471.3205,2.8646
5483.0364,2.6489
5494.7523,2.4343
5506.4681,2.2243
5518.1840,2.0231
5529.8999,1.8359
5541.6158,1.6672
5553.3317,1.5221
5565.0476,1.4049
5576.7635,1.3190
5588.4794,1.2670
5600.1953,1.2494
5611.9112,1.2660
5623.6270,1.3142
5635.3429,1.3907
5647.0588,1.4915
5658.7747,1.6121
5670.4906,1.7477
5682.2065,1.8940
5693.9224,2.0470
5705.6383,2.2033
5717.3542,2.3598
5729.0701,2.5144
5740.7859,2.6657
5752.5018,2.8115
5764.2177,2.9515
5775.9336,3.0847
5787.6495,3.2109
5799.3654,3.3295
5811.0813,3.4411
5822.7972,3.5454
5834.5131,3.6427
5846.2289,3.7329
5857.9448,3.8169
5869.6607,3.8942
5881.3766,3.9660
5893.0925,4.0318
5904.8084,4.0922
5916.5243,4.1477
5928.2402,4.1985
5939.9561,4.2446
5951.6720,4.2864
5963.3878,4.3244
5975.1037,4.3588
5986.8196,4.3894
5998.5355,4.4169
6010.2514,4.4413
6021.9673,4.4628
6033.6832,4.4815
6045.3991,4.4977
6057.1150,4.5116
6068.8309,4.5234
6080.5467,4.5328
6092.2626,4.5403
6103.9785,4.5456
6115.6944,4.5496
6127.4103,4.5518
6139.1262,4.5525
6150.8421,4.5517
6162.5580,4.5496
6174.2739,4.5458
6185.9897,4.5411
6197.7056,4.5353
6209.4215,4.5285
6221.1374,4.5204
6232.8533,4.5116
6244.5692,4.5017
6256.2851,4.4912
6268.0010,4.4795
6279.7169,4.4673
6291.4328,4.4544
6303.1486,4.4408
6314.8645,4.4266
6326.5804,4.4117
6338.2963,4.3962
6350.0122,4.3801
6361.7281,4.3638
6373.4440,4.3468
6385.1599,4.3295
6396.8758,4.3115
6408.5917,4.2933
6420.3075,4.2748
6432.0234,4.2556
6443.7393,4.2364
6455.4552,4.2166
6467.1711,4.1969
6478.8870,4.1765
6490.6029,4.1560
6502.3188,4.1352
6514.0347,4.1141
6525.7505,4.0930
6537.4664,4.0715
6549.1823,4.0500
6560.8982,4.0278
6572.6141,4.0059
6584.3300,3.9838
6596.0459,3.9615
6607.7618,3.9389
6619.4777,3.9162
6631.1936,3.8935
6642.9094,3.8705
6654.6253,3.8473
6666.3412,3.8242
6678.0571,3.8011
6689.7730,3.7776
6701.4889,3.7541
6713.2048,3.7305
6724.9207,3.7070
6736.6366,3.6832
6748.3525,3.6593
6760.0683,3.6357
6771.7842,3.6118
6783.5001,3.5878
6795.2160,3.5640
6806.9319,3.5399
6818.6478,3.5159
6830.3637,3.4919
6842.0796,3.4677
6853.7955,3.4438
6865.5113,3.4194
6877.2272,3.3956
6888.9431,3.3712
6900.6590,3.3475
6912.3749,3.3231
6924.0908,3.2991
6935.8067,3.2750
6947.5226,3.2508
6959.2385,3.2269
6970.9544,3.2027
6982.6702,3.1787
6994.3861,3.1550
7006.1020,3.1311
7017.8179,3.1071
7029.5338,3.0834
7041.2497,3.0596
7052.9656,3.0357
7064.6815,3.0123
7076.3974,2.9889
7088.1133,2.9654
7099.8291,2.9418
7111.5450,2.9187
7123.2609,2.8954
7134.9768,2.8721
7146.6927,2.8489
7158.4086,2.8261
7170.1245,2.8031
7181.8404,2.7803
7193.5563,2.7577
7205.2722,2.7350
7216.9880,2.7123
7228.7039,2.6900
7240.4198,2.6679
7252.1357,2.6455
7263.8516,2.6233
7275.5675,2.6012
7287.2834,2.5797
7298.9993,2.5580
7310.7152,2.5362
7322.4310,2.5148
7334.1469,2.4934
7345.8628,2.4723
7357.5787,2.4511
7369.2946,2.4301
7381.0105,2.4091
7392.7264,2.3885
7404.4423,2.3679
7416.1582,2.3475
7427.8741,2.3273
7439.5899,2.3070
7451.3058,2.2872
7463.0217,2.2673
7474.7376,2.2480
7486.4535,2.2286
7498.1694,2.2094
7509.8853,2.1904
7521.6012,2.1717
7533.3171,2.1532
7545.0330,2.1350
7556.7488,2.1170
7568.4647,2.0992
7580.1806,2.0820
7591.8965,2.0647
7603.6124,2.0480
7615.3283,2.0317
7627.0442,2.0159
7638.7601,2.0001
7650.4760,1.9849
7662.1918,1.9702
7673.9077,1.9562
7685.6236,1.9423
7697.3395,1.9296
7709.0554,1.9171
7720.7713,1.9052
7732.4872,1.8941
7744.2031,1.8838
7755.9190,1.8742
7767.6349,1.8654
7779.3507,1.8574
7791.0666,1.8505
7802.7825,1.8446
7814.4984,1.8398
7826.2143,1.8359
7837.9302,1.8333
7849.6461,1.8319
7861.3620,1.8319
7873.0779,1.8334
7884.7938,1.8361
7896.5096,1.8407
7908.2255,1.8466
7919.9414,1.8544
7931.6573,1.8641
7943.3732,1.8757
7955.0891,1.8894
7966.8050,1.9047
7978.5209,1.9229
7990.2368,1.9430
8001.9526,1.9655
8013.6685,1.9908
8025.3844,2.0187
8037.1003,2.0492
8048.8162,2.0828
8060.5321,2.1193
8072.2480,2.1588
8083.9639,2.2014
8095.6798,2.2471
8107.3957,2.2961
8119.1115,2.3483
8130.8274,2.4037
8142.5433,2.4622
8154.2592,2.5240
8165.9751,2.5885
8177.6910,2.6562
8189.4069,2.7263
8201.1228,2.7988
8212.8387,2.8730
8224.5546,2.9494
8236.2704,3.0267
8247.9863,3.1048
8259.7022,3.1834
8271.4181,3.2618
8283.1340,3.3396
8294.8499,3.4159
8306.5658,3.4907
8318.2817,3.5635
8329.9976,3.6336
8341.7134,3.7004
8353.4293,3.7639
8365.1452,3.8240
8376.8611,3.8800
8388.5770,3.9319
8400.2929,3.9794
8412.0088,4.0232
8423.7247,4.0621
8435.4406,4.0971
8447.1565,4.1277
8458.8723,4.1542
8470.5882,4.1769
8482.3041,4.1953
8494.0200,4.2101
8505.7359,4.2209
8517.4518,4.2283
8529.1677,4.2320
8540.8836,4.2324
8552.5995,4.2289
8564.3154,4.2219
8576.0312,4.2116
8587.7471,4.1973
8599.4630,4.1793
8611.1789,4.1574
8622.8948,4.1313
8634.6107,4.1009
8646.3266,4.0660
8658.0425,4.0260
8669.7584,3.9811
8681.4742,3.9309
8693.1901,3.8746
8704.9060,3.8124
8716.6219,3.7441
8728.3378,3.6693
8740.0537,3.5878
8751.7696,3.4996
8763.4855,3.4049
8775.2014,3.3039
8786.9173,3.1970
8798.6331,3.0850
8810.3490,2.9687
8822.0649,2.8496
8833.7808,2.7287
8845.4967,2.6079
8857.2126,2.4893
8868.9285,2.3747
8880.6444,2.2660
8892.3603,2.1652
8904.0762,2.0741
8915.7920,1.9940
8927.5079,1.9257
8939.2238,1.8694
8950.9397,1.8259
8962.6556,1.7939
8974.3715,1.7730
8986.0874,1.7618
8997.8033,1.7593
9009.5192,1.7638
9021.2351,1.7742
9032.9509,1.7893
9044.6668,1.8075
9056.3827,1.8279
9068.0986,1.8498
9079.8145,1.8722
9091.5304,1.8948
9103.2463,1.9170
9114.9622,1.9383
9126.6781,1.9586
9138.3939,1.9774
9150.1098,1.9953
9161.8257,2.0111
9173.5416,2.0259
9185.2575,2.0389
9196.9734,2.0505
9208.6893,2.0604
9220.4052,2.0690
9232.1211,2.0760
9243.8370,2.0816
9255.5528,2.0858
9267.2687,2.0888
9278.9846,2.0903
9290.7005,2.0905
9302.4164,2.0894
9314.1323,2.0871
9325.8482,2.0841
9337.5641,2.0794
9349.2800,2.0738
9360.9959,2.0668
9372.7117,2.0588
9384.4276,2.0497
9396.1435,2.0396
9407.8594,2.0286
9419.5753,2.0165
9431.2912,2.0034
9443.0071,1.9891
9454.7230,1.9742
9466.4389,1.9579
9478.1547,1.9407
9489.8706,1.9226
9501.5865,1.9036
9513.3024,1.8835
9525.0183,1.8626
9536.7342,1.8405
9548.4501,1.8174
9560.1660,1.7938
9571.8819,1.7691
9583.5978,1.7434
9595.3136,1.7166
9607.0295,1.6890
9618.7454,1.6603
9630.4613,1.6310
9642.1772,1.6004
9653.8931,1.5693
9665.6090,1.5370
9677.3249,1.5037
9689.0408,1.4696
9700.7567,1.4348
9712.4725,1.3990
9724.1884,1.3620
9735.9043,1.3246
9747.6202,1.2863
9759.3361,1.2470
9771.0520,1.2067
9782.7679,1.1654
9794.4838,1.1238
9806.1997,1.0811
9817.9155,1.0382
9829.6314,0.9939
9841.3473,0.9490
9853.0632,0.9034
9864.7791,0.8570
9876.4950,0.8100
9888.2109,0.7625
9899.9268,0.7141
9911.6427,0.6652
9923.3586,0.6161
9935.0744,0.5661
9946.7903,0.5157
9958.5062,0.4651
9970.2221,0.4139
9981.9380,0.3621
9993.6539,0.3102
10005.3698,0.2581
10017.0857,0.2051
10028.8016,0.1526
10040.5175,0.0994
10052.2333,0.0460
10063.9492,-0.0073
10075.6651,-0.0607
10087.3810,-0.1143
10099.0969,-0.1682
10110.8128,-0.2219
10122.5287,-0.2757
10134.2446,-0.3297
10145.9605,-0.3836
10157.6763,-0.4376
10169.3922,-0.4920
10181.1081,-0.5456
10192.8240,-0.6003
10204.5399,-0.6546
10216.2558,-0.7092
10227.9717,-0.7644
10239.6876,-0.8197
10251.4035,-0.8752
10263.1194,-0.9314
10274.8352,-0.9885
10286.5511,-1.0461
10298.2670,-1.1044
10309.9829,-1.1640
10321.6988,-1.2245
10333.4147,-1.2865
10345.1306,-1.3498
10356.8465,-1.4146
10368.5624,-1.4813
10380.2783,-1.5495
10391.9941,-1.6196
10403.7100,-1.6915
10415.4259,-1.7657
10427.1418,-1.8411
10438.8577,-1.9184
10450.5736,-1.9972
10462.2895,-2.0769
10474.0054,-2.1574
10485.7213,-2.2376
10497.4371,-2.3173
10509.1530,-2.3954
10520.8689,-2.4704
10532.5848,-2.5419
10544.3007,-2.6082
10556.0166,-2.6678
10567.7325,-2.7200
10579.4484,-2.7624
10591.1643,-2.7948
10602.8802,-2.8158
10614.5960,-2.8247
10626.3119,-2.8210
10638.0278,-2.8044
10649.7437,-2.7754
10661.4596,-2.7345
10673.1755,-2.6820
10684.8914,-2.6196
10696.6073,-2.5478
10708.3232,-2.4687
10720.0391,-2.3828
10731.7549,-2.2917
10743.4708,-2.1969
10755.1867,-2.0993
10766.9026,-2.0001
10778.6185,-1.9001
10790.3344,-1.8003
10802.0503,-1.7011
10813.7662,-1.6032
10825.4821,-1.5068
10837.1979,-1.4126
10848.9138,-1.3208
10860.6297,-1.2313
10872.3456,-1.1446
10884.0615,-1.0605
10895.7774,-0.9789
10907.4933,-0.9006
10919.2092,-0.8245
10930.9251,-0.7514
10942.6410,-0.6810
10954.3568,-0.6128
10966.0727,-0.5471
10977.7886,-0.4841
10989.5045,-0.4236
11001.2204,-0.3647
11012.9363,-0.3085
11024.6522,-0.2541
11036.3681,-0.2013
11048.0840,-0.1512
11059.7999,-0.1024
11071.5157,-0.0550
11083.2316,-0.0098
11094.9475,0.0340
11106.6634,0.0762
11118.3793,0.1171
11130.0952,0.1566
11141.8111,0.1947
11153.5270,0.2318
11165.2429,0.2672
11176.9588,0.3021
11188.6746,0.3357
11200.3905,0.3682
11212.1064,0.3997
11223.8223,0.4303
11235.5382,0.4594
11247.2541,0.4884
11258.9700,0.5164
11270.6859,0.5434
11282.4018,0.5698
11294.1176,0.5955
11305.8335,0.6204
11317.5494,0.6447
11329.2653,0.6683
11340.9812,0.6913
11352.6971,0.7139
11364.4130,0.7358
11376.1289,0.7571
11387.8448,0.7780
11399.5607,0.7983
11411.2765,0.8182
11422.9924,0.8378
11434.7083,0.8565
11446.4242,0.8753
11458.1401,0.8936
11469.8560,0.9118
11481.5719,0.9291
11493.2878,0.9461
11505.0037,0.9632
11516.7196,0.9797
11528.4354,0.9959
11540.1513,1.0119
11551.8672,1.0276
11563.5831,1.0431
11575.2990,1.0584
11587.0149,1.0735
11598.7308,1.0882
11610.4467,1.1027
11622.1626,1.1173
11633.8784,1.1314
11645.5943,1.1452
11657.3102,1.1589
11669.0261,1.1729
11680.7420,1.1861
11692.4579,1.1998
11704.1738,1.2127
11715.8897,1.2256
11727.6056,1.2387
11739.3215,1.2517
11751.0373,1.2643
11762.7532,1.2768
11774.4691,1.2891
11786.1850,1.3017
11797.9009,1.3139
11809.6168,1.3260
11821.3327,1.3382
11833.0486,1.3500
11844.7645,1.3619
11856.4804,1.3737
11868.1962,1.3855
11879.9121,1.3971
11891.6280,1.4089
11903.3439,1.4201
11915.0598,1.4317
11926.7757,1.4431
11938.4916,1.4547
11950.2075,1.4658
11961.9234,1.4768
11973.6392,1.4883
11985.3551,1.4993
11997.0710,1.5102
12008.7869,1.5213
12020.5028,1.5323
12032.2187,1.5433
12043.9346,1.5543
12055.6505,1.5650
12067.3664,1.5759
12079.0823,1.5866
12090.7981,1.5972
12102.5140,1.6081
12114.2299,1.6187
12125.9458,1.6292
12137.6617,1.6400
12149.3776,1.6505
12161.0935,1.6610
12172.8094,1.6715
12184.5253,1.6820
12196.2412,1.6925
12207.9570,1.7030
12219.6729,1.7130
12231.3888,1.7236
12243.1047,1.7338
12254.8206,1.7442
12266.5365,1.7543
12278.2524,1.7644
12289.9683,1.7751
12301.6842,1.7851
12313.4000,1.7953
12325.1159,1.8054
12336.8318,1.8157
12348.5477,1.8255
12360.2636,1.8357
12371.9795,1.8460
12383.6954,1.8560
12395.4113,1.8658
12407.1272,1.8759
12418.8431,1.8862
12430.5589,1.8962
12442.2748,1.9060
12453.9907,1.9161
12465.7066,1.9261
12477.4225,1.9360
12489.1384,1.9459
12500.8543,1.9559
12512.5702,1.9657
12524.2861,1.9759
12536.0020,1.9856
12547.7178,1.9957
12559.4337,2.0055
12571.1496,2.0153
12582.8655,2.0253
12594.5814,2.0354
12606.2973,2.0451
12618.0132,2.0550
12629.7291,2.0648
12641.4450,2.0749
12653.1608,2.0848
12664.8767,2.0947
12676.5926,2.1046
12688.3085,2.1143
12700.0244,2.1246
12711.7403,2.1344
12723.4562,2.1444
12735.1721,2.1544
12746.8880,2.1643
12758.6039,2.1742
12770.3197,2.1843
12782.0356,2.1943
12793.7515,2.2042
12805.4674,2.2142
12817.1833,2.2244
12828.8992,2.2345
12840.6151,2.2446
12852.3310,2.2545
12864.0469,2.2647
12875.7628,2.2748
12887.4786,2.2849
12899.1945,2.2950
12910.9104,2.3052
12922.6263,2.3156
12934.3422,2.3258
12946.0581,2.3360
12957.7740,2.3462
12969.4899,2.3565
12981.2058,2.3669
12992.9216,2.3773
13004.6375,2.3876
13016.3534,2.3981
13028.0693,2.4084
13039.7852,2.4189
13051.5011,2.4293
13063.2170,2.4400
13074.9329,2.4506
13086.6488,2.4610
13098.3647,2.4716
13110.0805,2.4823
13121.7964,2.4930
13133.5123,2.5036
13145.2282,2.5143
13156.9441,2.5251
13168.6600,2.5358
13180.3759,2.5468
13192.0918,2.5575
13203.8077,2.5682
13215.5236,2.5792
13227.2394,2.5903
13238.9553,2.6010
13250.6712,2.6121
13262.3871,2.6230
13274.1030,2.6341
13285.8189,2.6451
13297.5348,2.6563
13309.2507,2.6677
13320.9666,2.6789
13332.6825,2.6899
13344.3983,2.7010
13356.1142,2.7125
13367.8301,2.7237
13379.5460,2.7350
13391.2619,2.7465
13402.9778,2.7579
13414.6937,2.7693
13426.4096,2.7809
13438.1255,2.7924
13449.8413,2.8037
13461.5572,2.8154
13473.2731,2.8272
13484.9890,2.8385
13496.7049,2.8502
13508.4208,2.8620
13520.1367,2.8736
13531.8526,2.8854
13543.5685,2.8971
13555.2844,2.9090
13567.0002,2.9207
13578.7161,2.9326
13590.4320,2.9445
13602.1479,2.9563
13613.8638,2.9684
13625.5797,2.9803
13637.2956,2.9924
13649.0115,3.0044
13660.7274,3.0164
13672.4433,3.0284
13684.1591,3.0406
13695.8750,3.0526
13707.5909,3.0648
13719.3068,3.0769
13731.0227,3.0891
13742.7386,3.1014
13754.4545,3.1137
13766.1704,3.1259
13777.8863,3.1380
13789.6021,3.1505
13801.3180,3.1625
13813.0339,3.1751
13824.7498,3.1872
13836.4657,3.1996
13848.1816,3.2118
13859.8975,3.2245
13871.6134,3.2369
13883.3293,3.2493
13895.0452,3.2618
13906.7610,3.2744
13918.4769,3.2867
13930.1928,3.2993
13941.9087,3.3116
13953.6246,3.3243
13965.3405,3.3369
13977.0564,3.3491
13988.7723,3.3619
14000.4882,3.3744
14012.2041,3.3870
14023.9199,3.3997
14035.6358,3.4124
14047.3517,3.4248
14059.0676,3.4374
14070.7835,3.4500
14082.4994,3.4628
14094.2153,3.4753
14105.9312,3.4880
14117.6471,3.5007
14129.3629,3.5134
14141.0788,3.5260
14152.7947,3.5387
14164.5106,3.5514
14176.2265,3.5640
14187.9424,3.5766
14199.6583,3.5893
14211.3742,3.6019
14223.0901,3.6146
14234.8060,3.6274
14246.5218,3.6402
14258.2377,3.6528
14269.9536,3.6656
14281.6695,3.6782
14293.3854,3.6909
14305.1013,3.7036
14316.8172,3.7163
14328.5331,3.7291
14340.2490,3.7416
14351.9649,3.7543
14363.6807,3.7670
14375.3966,3.7798
14387.1125,3.7924
14398.8284,3.8052
14410.5443,3.8177
14422.2602,3.8304
14433.9761,3.8432
14445.6920,3.8557
14457.4079,3.8684
14469.1237,3.8811
14480.8396,3.8935
14492.5555,3.9063
14504.2714,3.9190
14515.9873,3.9314
14527.7032,3.9441
14539.4191,3.9569
14551.1350,3.9693
14562.8509,3.9818
14574.5668,3.9945
14586.2826,4.0069
14597.9985,4.0197
14609.7144,4.0321
14621.4303,4.0446
14633.1462,4.0573
14644.8621,4.0698
14656.5780,4.0822
14668.2939,4.0949
14680.0098,4.1072
14691.7257,4.1195
14703.4415,4.1321
14715.1574,4.1446
14726.8733,4.1570
14738.5892,4.1696
14750.3051,4.1819
14762.0210,4.1942
14773.7369,4.2068
14785.4528,4.2190
14797.1687,4.2316
14808.8845,4.2438
14820.6004,4.2561
14832.3163,4.2685
14844.0322,4.2807
14855.7481,4.2932
14867.4640,4.3054
14879.1799,4.3176
14890.8958,4.3298
14902.6117,4.3421
14914.3276,4.3543
14926.0434,4.3664
14937.7593,4.3788
14949.4752,4.3908
14961.1911,4.4030
14972.9070,4.4151
14984.6229,4.4272
14996.3388,4.4393
15008.0547,4.4515
15019.7706,4.4637
15031.4865,4.4756
15043.2023,4.4877
15054.9182,4.4998
15066.6341,4.5117
15078.3500,4.5238
15090.0659,4.5357
15101.7818,4.5478
15113.4977,4.5597
15125.2136,4.5716
15136.9295,4.5835
15148.6454,4.5955
15160.3612,4.6073
15172.0771,4.6192
15183.7930,4.6312
15195.5089,4.6429
15207.2248,4.6548
15218.9407,4.6664
15230.6566,4.6781
15242.3725,4.6902
15254.0884,4.7018
15265.8042,4.7137
15277.5201,4.7253
15289.2360,4.7370
15300.9519,4.7489
15312.6678,4.7605
15324.3837,4.7721
15336.0996,4.7837
15347.8155,4.7953
15359.5314,4.8071
15371.2473,4.8187
15382.9631,4.8302
15394.6790,4.8418
15406.3949,4.8533
15418.1108,4.8649
15429.8267,4.8762
15441.5426,4.8879
15453.2585,4.8993
15464.9744,4.9108
15476.6903,4.9222
15488.4062,4.9336
15500.1220,4.9450
15511.8379,4.9564
15523.5538,4.9678
15535.2697,4.9791
15546.9856,4.9904
15558.7015,5.0019
15570.4174,5.0131
15582.1333,5.0245
15593.8492,5.0358
15605.5650,5.0470
15617.2809,5.0582
15628.9968,5.0693
15640.7127,5.0806
15652.4286,5.0918
15664.1445,5.1031
15675.8604,5.1141
15687.5763,5.1253
15699.2922,5.1365
15711.0081,5.1476
15722.7239,5.1587
15734.4398,5.1697
15746.1557,5.1808
15757.8716,5.1918
15769.5875,5.2029
15781.3034,5.2141
15793.0193,5.2250
15804.7352,5.2360
15816.4511,5.2468
15828.1670,5.2580
15839.8828,5.2688
15851.5987,5.2798
15863.3146,5.2907
15875.0305,5.3016
15886.7464,5.3125
15898.4623,5.3233
15910.1782,5.3342
15921.8941,5.3450
15933.6100,5.3560
15945.3258,5.3667
15957.0417,5.3776
15968.7576,5.3885
15980.4735,5.3990
15992.1894,5.4097
16003.9053,5.4205
16015.6212,5.4312
16027.3371,5.4419
16039.0530,5.4526
16050.7689,5.4634
16062.4847,5.4739
16074.2006,5.4846
16085.9165,5.4953
16097.6324,5.5059
16109.3483,5.5166
16121.0642,5.5272
16132.7801,5.5377
16144.4960,5.5483
16156.2119,5.5587
16167.9278,5.5695
16179.6436,5.5799
16191.3595,5.5903
16203.0754,5.6009
16214.7913,5.6114
16226.5072,5.6218
16238.2231,5.6325
16249.9390,5.6428
16261.6549,5.6533
16273.3708,5.6638
16285.0866,5.6741
16296.8025,5.6846
16308.5184,5.6950
16320.2343,5.7054
16331.9502,5.7157
16343.6661,5.7261
16355.3820,5.7363
16367.0979,5.7468
16378.8138,5.7569
16390.5297,5.7673
16402.2455,5.7777
16413.9614,5.7879
16425.6773,5.7983
16437.3932,5.8085
16449.1091,5.8189
16460.8250,5.8289
16472.5409,5.8392
16484.2568,5.8494
16495.9727,5.8597
16507.6886,5.8698
16519.4044,5.8799
16531.1203,5.8902
16542.8362,5.9001
16554.5521,5.9105
16566.2680,5.9204
16577.9839,5.9307
16589.6998,5.9408
16601.4157,5.9509
16613.1316,5.9611
16624.8474,5.9712
16636.5633,5.9812
16648.2792,5.9912
16659.9951,6.0013
16671.7110,6.0112
16683.4269,6.0213
16695.1428,6.0313
16706.8587,6.0413
16718.5746,6.0514
16730.2905,6.0613
16742.0063,6.0714
16753.7222,6.0813
16765.4381,6.0912
16777.1540,6.1011
16788.8699,6.1109
16800.5858,6.1211
16812.3017,6.1310
16824.0176,6.1409
16835.7335,6.1508
16847.4494,6.1606
16859.1652,6.1704
16870.8811,6.1803
16882.5970,6.1903
16894.3129,6.2001
16906.0288,6.2099
16917.7447,6.2197
16929.4606,6.2295
16941.1765,6.2392
16952.8924,6.2492
16964.6082,6.2589
16976.3241,6.2688
16988.0400,6.2785
16999.7559,6.2884
17011.4718,6.2981
17023.1877,6.3079
17034.9036,6.3176
17046.6195,6.3272
17058.3354,6.3369
17070.0513,6.3467
17081.7671,6.3564
17093.4830,6.3662
17105.1989,6.3758
17116.9148,6.3855
17128.6307,6.3951
17140.3466,6.4048
17152.0625,6.4146
17163.7784,6.4242
17175.4943,6.4337
17187.2102,6.4434
17198.9260,6.4530
17210.6419,6.4627
17222.3578,6.4722
17234.0737,6.4818
17245.7896,6.4913
17257.5055,6.5010
17269.2214,6.5106
17280.9373,6.5201
17292.6532,6.5298
17304.3691,6.5393
17316.0849,6.5487
17327.8008,6.5583
17339.5167,6.5678
17351.2326,6.5774
17362.9485,6.5869
17374.6644,6.5964
17386.3803,6.6059
17398.0962,6.6154
17409.8121,6.6247
17421.5279,6.6345
17433.2438,6.6437
17444.9597,6.6532
17456.6756,6.6627
17468.3915,6.6722
17480.1074,6.6815
17491.8233,6.6910
17503.5392,6.7003
17515.2551,6.7098
17526.9710,6.7191
17538.6868,6.7287
17550.4027,6.7379
17562.1186,6.7475
17573.8345,6.7569
17585.5504,6.7662
17597.2663,6.7755
17608.9822,6.7849
17620.6981,6.7943
17632.4140,6.8035
17644.1299,6.8129
17655.8457,6.8222
17667.5616,6.8315
17679.2775,6.8409
17690.9934,6.8502
17702.7093,6.8596
17714.4252,6.8689
17726.1411,6.8781
17737.8570,6.8873
17749.5729,6.8966
17761.2887,6.9060
17773.0046,6.9152
17784.7205,6.9246
17796.4364,6.9338
17808.1523,6.9430
17819.8682,6.9520
17831.5841,6.9613
17843.3000,6.9707
17855.0159,6.9799
17866.7318,6.9892
17878.4476,6.9982
17890.1635,7.0075
17901.8794,7.0167
17913.5953,7.0258
17925.3112,7.0349
17937.0271,7.0441
17948.7430,7.0534
17960.4589,7.0625
17972.1748,7.0717
17983.8907,7.0808
17995.6065,7.0900
18007.3224,7.0991
18019.0383,7.1082
18030.7542,7.1174
18042.4701,7.1267
18054.1860,7.1356
18065.9019,7.1447
18077.6178,7.1538
18089.3337,7.1629
18101.0495,7.1721
18112.7654,7.1811
18124.4813,7.1901
18136.1972,7.1992
18147.9131,7.2083
18159.6290,7.2175
18171.3449,7.2264
18183.0608,7.2355
18194.7767,7.2445
18206.4926,7.2535
18218.2084,7.2626
18229.9243,7.2717
18241.6402,7.2806
18253.3561,7.2897
18265.0720,7.2986
18276.7879,7.3076
18288.5038,7.3167
18300.2197,7.3256
18311.9356,7.3346
18323.6515,7.3434
18335.3673,7.3525
18347.0832,7.3614
18358.7991,7.3705
18370.5150,7.3794
18382.2309,7.3884
18393.9468,7.3973
18405.6627,7.4062
18417.3786,7.4153
18429.0945,7.4241
18440.8103,7.4330
18452.5262,7.4419
18464.2421,7.4509
18475.9580,7.4597
18487.6739,7.4686
18499.3898,7.4775
18511.1057,7.4863
18522.8216,7.4954
18534.5375,7.5042
18546.2534,7.5130
18557.9692,7.5219
18569.6851,7.5308
18581.4010,7.5396
18593.1169,7.5485
18604.8328,7.5573
18616.5487,7.5660
18628.2646,7.5749
18639.9805,7.5837
18651.6964,7.5926
18663.4123,7.6015
18675.1281,7.6102
18686.8440,7.6190
18698.5599,7.6278
18710.2758,7.6365
18721.9917,7.6454
18733.7076,7.6541
18745.4235,7.6630
18757.1394,7.6716
18768.8553,7.6805
18780.5711,7.6892
18792.2870,7.6979
18804.0029,7.7067
18815.7188,7.7154
18827.4347,7.7240
18839.1506,7.7329
18850.8665,7.7414
18862.5824,7.7503
18874.2983,7.7590
18886.0142,7.7677
18897.7300,7.7764
18909.4459,7.7851
18921.1618,7.7937
18932.8777,7.8025
18944.5936,7.8112
18956.3095,7.8198
18968.0254,7.8286
18979.7413,7.8371
18991.4572,7.8458
19003.1731,7.8545
19014.8889,7.8631
19026.6048,7.8718
19038.3207,7.8805
19050.0366,7.8891
19061.7525,7.8976
19073.4684,7.9062
19085.1843,7.9149
19096.9002,7.9235
19108.6161,7.9321
19120.3320,7.9406
19132.0478,7.9494
19143.7637,7.9577
19155.4796,7.9665
19167.1955,7.9751
19178.9114,7.9835
19190.6273,7.9921
19202.3432,8.0007
19214.0591,8.0093
19225.7750,8.0179
19237.4908,8.0265
19249.2067,8.0349
19260.9226,8.0435
19272.6385,8.0520
19284.3544,8.0605
19296.0703,8.0690
19307.7862,8.0775
19319.5021,8.0860
19331.2180,8.0945
19342.9339,8.1030
19354.6497,8.1115
19366.3656,8.1199
19378.0815,8.1284
19389.7974,8.1370
19401.5133,8.1454
19413.2292,8.1538
19424.9451,8.1624
19436.6610,8.1708
19448.3769,8.1792
19460.0928,8.1877
19471.8086,8.1961
19483.5245,8.2045
19495.2404,8.2129
19506.9563,8.2213
19518.6722,8.2298
19530.3881,8.2382
19542.1040,8.2466
19553.8199,8.2551
19565.5358,8.2633
19577.2516,8.2718
19588.9675,8.2801
19600.6834,8.2885
19612.3993,8.2970
19624.1152,8.3052
19635.8311,8.3136
19647.5470,8.3221
19659.2629,8.3303
19670.9788,8.3388
19682.6947,8.3471
19694.4105,8.3555
19706.1264,8.3637
19717.8423,8.3721
19729.5582,8.3804
19741.2741,8.3888
19752.9900,8.3970
19764.7059,8.4053
19776.4218,8.4137
19788.1377,8.4220
19799.8536,8.4303
19811.5694,8.4385
19823.2853,8.4469
19835.0012,8.4550
19846.7171,8.4634
19858.4330,8.4715
19870.1489,8.4799
19881.8648,8.4882
19893.5807,8.4964
19905.2966,8.5046
19917.0124,8.5128
19928.7283,8.5212
19940.4442,8.5294
19952.1601,8.5376
19963.8760,8.5458
19975.5919,8.5542
19987.3078,8.5623
19999.0237,8.5705
20010.7396,8.5787
20022.4555,8.5869
20034.1713,8.5951
20045.8872,8.6033
20057.6031,8.6115
20069.3190,8.6196
20081.0349,8.6279
20092.7508,8.6361
20104.4667,8.6443
20116.1826,8.6523
20127.8985,8.6605
20139.6144,8.6687
20151.3302,8.6768
20163.0461,8.6850
20174.7620,8.6932
20186.4779,8.7012
20198.1938,8.7094
20209.9097,8.7176
20221.6256,8.7257
20233.3415,8.7338
20245.0574,8.7418
20256.7732,8.7500
20268.4891,8.7581
20280.2050,8.7662
20291.9209,8.7744
20303.6368,8.7824
20315.3527,8.7904
20327.0686,8.7986
20338.7845,8.8067
20350.5004,8.8148
20362.2163,8.8228
20373.9321,8.8310
20385.6480,8.8390
20397.3639,8.8470
20409.0798,8.8552
20420.7957,8.8633
20432.5116,8.8712
20444.2275,8.8795
20455.9434,8.8874
20467.6593,8.8955
20479.3752,8.9034
20491.0910,8.9116
20502.8069,8.9195
20514.5228,8.9276
20526.2387,8.9355
20537.9546,8.9436
20549.6705,8.9515
20561.3864,8.9596
20573.1023,8.9676
20584.8182,8.9756
20596.5340,8.9836
20608.2499,8.9916
20619.9658,8.9996
20631.6817,9.0076
20643.3976,9.0156
20655.1135,9.0236
20666.8294,9.0317
20678.5453,9.0396
20690.2612,9.0477
20701.9771,9.0556
20713.6929,9.0636
20725.4088,9.0716
20737.1247,9.0796
20748.8406,9.0876
20760.5565,9.0953
20772.2724,9.1033
20783.9883,9.1113
20795.7042,9.1193
20807.4201,9.1273
20819.1360,9.1352
20830.8518,9.1432
20842.5677,9.1512
20854.2836,9.1591
20865.9995,9.1671
20877.7154,9.1749
20889.4313,9.1829
20901.1472,9.1909
20912.8631,9.1988
20924.5790,9.2068
20936.2948,9.2146
20948.0107,9.2227
20959.7266,9.2306
20971.4425,9.2385
20983.1584,9.2465
20994.8743,9.2544
21006.5902,9.2624
21018.3061,9.2702
21030.0220,9.2781
21041.7379,9.2860
21053.4537,9.2939
21065.1696,9.3019
21076.8855,9.3098
21088.6014,9.3177
21100.3173,9.3257
21112.0332,9.3337
21123.7491,9.3415
21135.4650,9.3494
21147.1809,9.3574
21158.8968,9.3653
21170.6126,9.3732
21182.3285,9.3812
21194.0444,9.3892
21205.7603,9.3970
21217.4762,9.4049
21229.1921,9.4128
21240.9080,9.4208
21252.6239,9.4286
21264.3398,9.4367
21276.0557,9.4446
21287.7715,9.4526
21299.4874,9.4605
21311.2033,9.4684
21322.9192,9.4763
21334.6351,9.4843
21346.3510,9.4922
21358.0669,9.5001
21369.7828,9.5081
21381.4987,9.5160
21393.2145,9.5240
21404.9304,9.5319
21416.6463,9.5399
21428.3622,9.5478
21440.0781,9.5558
21451.7940,9.5637
21463.5099,9.5717
21475.2258,9.5797
21486.9417,9.5878
21498.6576,9.5956
21510.3734,9.6036
21522.0893,9.6116
21533.8052,9.6196
21545.5211,9.6275
21557.2370,9.6356
21568.9529,9.6436
21580.6688,9.6517
21592.3847,9.6595
21604.1006,9.6676
21615.8165,9.6757
21627.5323,9.6837
21639.2482,9.6917
21650.9641,9.6997
21662.6800,9.7078
21674.3959,9.7158
21686.1118,9.7239
21697.8277,9.7319
21709.5436,9.7399
21721.2595,9.7481
21732.9753,9.7562
21744.6912,9.7642
21756.4071,9.7723
21768.1230,9.7805
21779.8389,9.7885
21791.5548,9.7967
21803.2707,9.8049
21814.9866,9.8130
21826.7025,9.8212
21838.4184,9.8293
21850.1342,9.8374
21861.8501,9.8456
21873.5660,9.8538
21885.2819,9.8620
21896.9978,9.8702
21908.7137,9.8785
21920.4296,9.8867
21932.1455,9.8951
21943.8614,9.9032
21955.5773,9.9114
21967.2931,9.9198
21979.0090,9.9280
21990.7249,9.9363
22002.4408,9.9447
22014.1567,9.9531
22025.8726,9.9613
22037.5885,9.9697
22049.3044,9.9781
22061.0203,9.9866
22072.7361,9.9948
22084.4520,10.0033
22096.1679,10.0118
22107.8838,10.0203
22119.5997,10.0287
22131.3156,10.0372
22143.0315,10.0457
22154.7474,10.0543
22166.4633,10.0628
22178.1792,10.0713
22189.8950,10.0799
22201.6109,10.0886
22213.3268,10.0973
22225.0427,10.1058
22236.7586,10.1145
22248.4745,10.1232
22260.1904,10.1319
22271.9063,10.1407
22283.6222,10.1495
22295.3381,10.1582
22307.0539,10.1671
22318.7698,10.1759
22330.4857,10.1848
22342.2016,10.1937
22353.9175,10.2027
22365.6334,10.2116
22377.3493,10.2205
22389.0652,10.2295
22400.7811,10.2386
22412.4969,10.2476
22424.2128,10.2567
22435.9287,10.2660
22447.6446,10.2751
22459.3605,10.2842
22471.0764,10.2935
22482.7923,10.3028
22494.5082,10.3121
22506.2241,10.3215
22517.9400,10.3309
22529.6558,10.3402
22541.3717,10.3498
22553.0876,10.3593
22564.8035,10.3687
22576.5194,10.3784
22588.2353,10.3880
22599.9512,10.3976
22611.6671,10.4074
22623.3830,10.4171
22635.0989,10.4270
22646.8147,10.4368
22658.5306,10.4467
22670.2465,10.4567
22681.9624,10.4668
22693.6783,10.4768
22705.3942,10.4870
22717.1101,10.4973
22728.8260,10.5073
22740.5419,10.5177
22752.2577,10.5282
22763.9736,10.5386
22775.6895,10.5490
22787.4054,10.5597
22799.1213,10.5703
22810.8372,10.5809
22822.5531,10.5918
22834.2690,10.6026
22845.9849,10.6136
22857.7008,10.6245
22869.4166,10.6356
22881.1325,10.6468
22892.8484,10.6581
22904.5643,10.6694
22916.2802,10.6808
22927.9961,10.6922
22939.7120,10.7039
22951.4279,10.7156
22963.1438,10.7274
22974.8597,10.7393
22986.5755,10.7514
22998.2914,10.7634
23010.0073,10.7757
23021.7232,10.7880
23033.4391,10.8004
23045.1550,10.8129
23056.8709,10.8256
23068.5868,10.8386
23080.3027,10.8516
23092.0186,10.8647
23103.7344,10.8778
23115.4503,10.8912
23127.1662,10.9048
23138.8821,10.9184
23150.5980,10.9323
23162.3139,10.9463
23174.0298,10.9604
23185.7457,10.9748
23197.4616,10.9893
23209.1774,11.0040
23220.8933,11.0190
23232.6092,11.0341
23244.3251,11.0494
23256.0410,11.0650
23267.7569,11.0807
23279.4728,11.0966
23291.1887,11.1128
23302.9046,11.1294
23314.6205,11.1460
23326.3363,11.1631
23338.0522,11.1804
23349.7681,11.1980
23361.4840,11.2158
23373.1999,11.2340
23384.9158,11.2525
23396.6317,11.2713
23408.3476,11.2905
23420.0635,11.3101
23431.7794,11.3300
23443.4952,11.3504
23455.2111,11.3713
23466.9270,11.3925
23478.6429,11.4143
23490.3588,11.4366
23502.0747,11.4592
23513.7906,11.4826
23525.5065,11.5066
23537.2224,11.5309
23548.9382,11.5559
23560.6541,11.5818
23572.3700,11.6084
23584.0859,11.6357
23595.8018,11.6638
23607.5177,11.6929
23619.2336,11.7229
23630.9495,11.7538
23642.6654,11.7860
23654.3813,11.8191
23666.0971,11.8537
23677.8130,11.8895
23689.5289,11.9270
23701.2448,11.9660
23712.9607,12.0068
23724.6766,12.0497
23736.3925,12.0949
23748.1084,12.1425
23759.8243,12.1932
23771.5402,12.2471
23783.2560,12.3048
23794.9719,12.3666
23806.6878,12.4327
23818.4037,12.5032
23830.1196,12.5775
23841.8355,12.6550
23853.5514,12.7341
23865.2673,12.8131
23876.9832,12.8892
23888.6990,12.9595
23900.4149,13.0209
23912.1308,13.0698
23923.8467,13.1024
23935.5626,13.1157
23947.2785,13.1066
23958.9944,13.0728
23970.7103,13.0124
23982.4262,12.9244
23994.1421,12.8086
24005.8579,12.6656
24017.5738,12.4972
24029.2897,12.3057
24041.0056,12.0947
24052.7215,11.8682
24064.4374,11.6311
24076.1533,11.3884
24087.8692,11.1452
24099.5851,10.9066
24111.3010,10.6767
24123.0168,10.4588
24134.7327,10.2554
24146.4486,10.0674
24158.1645,9.8951
24169.8804,9.7375
24181.5963,9.5935
24193.3122,9.4612
24205.0281,9.3391
24216.7440,9.2254
24228.4598,9.1188
24240.1757,9.0181
24251.8916,8.9225
24263.6075,8.8312
24275.3234,8.7438
24287.0393,8.6599
24298.7552,8.5790
24310.4711,8.5011
24322.1870,8.4258
24333.9029,8.3528
24345.6187,8.2822
24357.3346,8.2136
24369.0505,8.1469
24380.7664,8.0821
24392.4823,8.0190
24404.1982,7.9575
24415.9141,7.8975
24427.6300,7.8389
24439.3459,7.7817
24451.0618,7.7257
24462.7776,7.6710
24474.4935,7.6174
24486.2094,7.5649
24497.9253,7.5135
24509.6412,7.4631
24521.3571,7.4136
24533.0730,7.3651
24544.7889,7.3174
24556.5048,7.2706
24568.2206,7.2246
24579.9365,7.1794
24591.6524,7.1349
24603.3683,7.0912
24615.0842,7.0481
24626.8001,7.0057
24638.5160,6.9640
24650.2319,6.9229
24661.9478,6.8824
24673.6637,6.8425
24685.3795,6.8032
24697.0954,6.7644
24708.8113,6.7261
24720.5272,6.6883
24732.2431,6.6511
24743.9590,6.6143
24755.6749,6.5780
24767.3908,6.5422
24779.1067,6.5068
24790.8226,6.4718
24802.5384,6.4373
24814.2543,6.4032
24825.9702,6.3695
24837.6861,6.3361
24849.4020,6.3032
24861.1179,6.2706
24872.8338,6.2384
24884.5497,6.2065
24896.2656,6.1749
24907.9814,6.1438
24919.6973,6.1129
24931.4132,6.0823
24943.1291,6.0521
24954.8450,6.0222
24966.5609,5.9925
24978.2768,5.9632
24989.9927,5.9341
25001.7086,5.9053
25013.4245,5.8768
25025.1403,5.8486
25036.8562,5.8206
25048.5721,5.7929
25060.2880,5.7654
25072.0039,5.7382
25083.7198,5.7112
25095.4357,5.6845
25107.1516,5.6580
25118.8675,5.6317
25130.5834,5.6057
25142.2992,5.5798
25154.0151,5.5542
25165.7310,5.5288
25177.4469,5.5036
25189.1628,5.4786
25200.8787,5.4538
25212.5946,5.4292
25224.3105,5.4048
25236.0264,5.3806
25247.7423,5.3565
25259.4581,5.3327
25271.1740,5.3090
25282.8899,5.2855
25294.6058,5.2622
25306.3217,5.2391
25318.0376,5.2161
25329.7535,5.1933
25341.4694,5.1707
25353.1853,5.1482
25364.9011,5.1259
25376.6170,5.1037
25388.3329,5.0817
25400.0488,5.0598
25411.7647,5.0381
25423.4806,5.0166
25435.1965,4.9951
25446.9124,4.9739
25458.6283,4.9527
25470.3442,4.9317
25482.0600,4.9109
25493.7759,4.8902
25505.4918,4.8696
25517.2077,4.8491
25528.9236,4.8288
25540.6395,4.8086
25552.3554,4.7885
25564.0713,4.7685
25575.7872,4.7487
25587.5031,4.7290
25599.2189,4.7094
25610.9348,4.6899
25622.6507,4.6706
25634.3666,4.6514
25646.0825,4.6322
25657.7984,4.6132
25669.5143,4.5943
25681.2302,4.5755
25692.9461,4.5568
25704.6619,4.5382
25716.3778,4.5198
25728.0937,4.5014
25739.8096,4.4831
25751.5255,4.4649
25763.2414,4.4469
25774.9573,4.4289
25786.6732,4.4110
25798.3891,4.3932
25810.1050,4.3756
25821.8208,4.3580
25833.5367,4.3405
25845.2526,4.3231
25856.9685,4.3058
25868.6844,4.2886
25880.4003,4.2714
25892.1162,4.2544
25903.8321,4.2374
25915.5480,4.2206
25927.2639,4.2038
25938.9797,4.1871
25950.6956,4.1705
25962.4115,4.1539
25974.1274,4.1375
25985.8433,4.1211
25997.5592,4.1048
26009.2751,4.0886
26020.9910,4.0725
26032.7069,4.0564
26044.4227,4.0404
26056.1386,4.0245
26067.8545,4.0087
26079.5704,3.9929
26091.2863,3.9773
26103.0022,3.9617
26114.7181,3.9461
26126.4340,3.9307
26138.1499,3.9153
26149.8658,3.8999
26161.5816,3.8847
26173.2975,3.8695
26185.0134,3.8544
26196.7293,3.8393
26208.4452,3.8244
26220.1611,3.8094
26231.8770,3.7946
26243.5929,3.7798
26255.3088,3.7651
26267.0247,3.7504
26278.7405,3.7359
26290.4564,3.7213
26302.1723,3.7069
26313.8882,3.6924
26325.6041,3.6781
26337.3200,3.6638
26349.0359,3.6496
26360.7518,3.6354
26372.4677,3.6213
26384.1835,3.6073
26395.8994,3.5933
26407.6153,3.5793
26419.3312,3.5655
26431.0471,3.5516
26442.7630,3.5379
26454.4789,3.5242
26466.1948,3.5105
26477.9107,3.4969
26489.6266,3.4834
26501.3424,3.4699
26513.0583,3.4565
26524.7742,3.4431
26536.4901,3.4297
26548.2060,3.4165
26559.9219,3.4032
26571.6378,3.3900
26583.3537,3.3769
26595.0696,3.3638
26606.7855,3.3508
26618.5013,3.3378
26630.2172,3.3249
26641.9331,3.3120
26653.6490,3.2992
26665.3649,3.2864
26677.0808,3.2737
26688.7967,3.2610
26700.5126,3.2483
26712.2285,3.2357
26723.9443,3.2232
26735.6602,3.2107
26747.3761,3.1982
26759.0920,3.1858
26770.8079,3.1734
26782.5238,3.1611
26794.2397,3.1488
26805.9556,3.1366
26817.6715,3.1244
26829.3874,3.1123
26841.1032,3.1001
26852.8191,3.0881
26864.5350,3.0761
26876.2509,3.0641
26887.9668,3.0521
26899.6827,3.0402
26911.3986,3.0284
26923.1145,3.0166
26934.8304,3.0048
26946.5463,2.9930
26958.2621,2.9813
26969.9780,2.9697
26981.6939,2.9581
26993.4098,2.9465
27005.1257,2.9350
27016.8416,2.9235
27028.5575,2.9120
27040.2734,2.9006
27051.9893,2.8892
27063.7052,2.8778
27075.4210,2.8665
27087.1369,2.8552
27098.8528,2.8440
27110.5687,2.8328
27122.2846,2.8216
27134.0005,2.8105
27145.7164,2.7994
27157.4323,2.7883
27169.1482,2.7773
27180.8640,2.7663
27192.5799,2.7554
27204.2958,2.7445
27216.0117,2.7336
27227.7276,2.7227
27239.4435,2.7119
27251.1594,2.7011
27262.8753,2.6904
27274.5912,2.6797
27286.3071,2.6690
27298.0229,2.6583
27309.7388,2.6477
27321.4547,2.6371
27333.1706,2.6266
27344.8865,2.6160
27356.6024,2.6056
27368.3183,2.5951
27380.0342,2.5847
27391.7501,2.5743
27403.4660,2.5639
27415.1818,2.5536
27426.8977,2.5433
27438.6136,2.5330
27450.3295,2.5228
27462.0454,2.5126
27473.7613,2.5024
27485.4772,2.4922
27497.1931,2.4821
27508.9090,2.4720
27520.6248,2.4620
27532.3407,2.4519
27544.0566,2.4419
27555.7725,2.4320
27567.4884,2.4220
27579.2043,2.4121
27590.9202,2.4022
27602.6361,2.3923
27614.3520,2.3825
27626.0679,2.3727
27637.7837,2.3629
27649.4996,2.3532
27661.2155,2.3435
27672.9314,2.3338
27684.6473,2.3241
27696.3632,2.3145
27708.0791,2.3048
27719.7950,2.2953
27731.5109,2.2857
27743.2268,2.2762
27754.9426,2.2667
27766.6585,2.2572
27778.3744,2.2477
27790.0903,2.2383
27801.8062,2.2289
27813.5221,2.2195
27825.2380,2.2101
27836.9539,2.2008
27848.6698,2.1915
27860.3856,2.1822
27872.1015,2.1730
27883.8174,2.1638
27895.5333,2.1545
27907.2492,2.1454
27918.9651,2.1362
27930.6810,2.1271
27942.3969,2.1180
27954.1128,2.1089
27965.8287,2.0998
27977.5445,2.0908
27989.2604,2.0818
28000.9763,2.0728
28012.6922,2.0638
28024.4081,2.0549
28036.1240,2.0460
28047.8399,2.0371
28059.5558,2.0282
28071.2717,2.0194
28082.9876,2.0105
28094.7034,2.0017
28106.4193,1.9929
28118.1352,1.9842
28129.8511,1.9754
28141.5670,1.9667
28153.2829,1.9580
28164.9988,1.9494
28176.7147,1.9407
28188.4306,1.9321
28200.1464,1.9235
28211.8623,1.9149
28223.5782,1.9063
28235.2941,1.8978
28247.0100,1.8893
28258.7259,1.8808
28270.4418,1.8723
28282.1577,1.8638
28293.8736,1.8554
28305.5895,1.8470
28317.3053,1.8386
28329.0212,1.8302
28340.7371,1.8219
28352.4530,1.8135
28364.1689,1.8052
28375.8848,1.7969
28387.6007,1.7886
28399.3166,1.7804
28411.0325,1.7721
28422.7484,1.7639
28434.4642,1.7557
28446.1801,1.7476
28457.8960,1.7394
28469.6119,1.7313
28481.3278,1.7232
28493.0437,1.7151
28504.7596,1.7070
28516.4755,1.6989
28528.1914,1.6909
28539.9072,1.6829
28551.6231,1.6748
28563.3390,1.6669
28575.0549,1.6589
28586.7708,1.6510
28598.4867,1.6430
28610.2026,1.6351
28621.9185,1.6272
28633.6344,1.6193
28645.3503,1.6115
28657.0661,1.6037
28668.7820,1.5958
28680.4979,1.5880
28692.2138,1.5802
28703.9297,1.5725
28715.6456,1.5647
28727.3615,1.5570
28739.0774,1.5493
28750.7933,1.5416
28762.5092,1.5339
28774.2250,1.5262
28785.9409,1.5186
28797.6568,1.5110
28809.3727,1.5034
28821.0886,1.4958
28832.8045,1.4882
28844.5204,1.4806
28856.2363,1.4731
28867.9522,1.4656
28879.6680,1.4581
28891.3839,1.4506
28903.0998,1.4431
28914.8157,1.4356
28926.5316,1.4282
28938.2475,1.4208
28949.9634,1.4134
28961.6793,1.4060
28973.3952,1.3986
28985.1111,1.3912
28996.8269,1.3839
29008.5428,1.3766
29020.2587,1.3692
29031.9746,1.3619
29043.6905,1.3547
29055.4064,1.3474
29067.1223,1.3401
29078.8382,1.3329
29090.5541,1.3257
29102.2700,1.3185
29113.9858,1.3113
29125.7017,1.3041
29137.4176,1.2970
29149.1335,1.2898
29160.8494,1.2827
29172.5653,1.2756
29184.2812,1.2685
29195.9971,1.2614
29207.7130,1.2543
29219.4289,1.2473
29231.1447,1.2402
29242.8606,1.2332
29254.5765,1.2262
29266.2924,1.2192
29278.0083,1.2122
29289.7242,1.2053
29301.4401,1.1983
29313.1560,1.1914
29324.8719,1.1845
29336.5877,1.1776
29348.3036,1.1707
29360.0195,1.1638
29371.7354,1.1569
29383.4513,1.1501
29395.1672,1.1432
29406.8831,1.1364
29418.5990,1.1296
29430.3149,1.1228
29442.0308,1.1160
29453.7466,1.1093
29465.4625,1.1025
29477.1784,1.0958
29488.8943,1.0890
29500.6102,1.0823
29512.3261,1.0756
29524.0420,1.0689
29535.7579,1.0623
29547.4738,1.0556
29559.1897,1.0490
29570.9055,1.0423
29582.6214,1.0357
29594.3373,1.0291
29606.0532,1.0225
29617.7691,1.0159
29629.4850,1.0094
29641.2009,1.0028
29652.9168,0.9963
29664.6327,0.9898
29676.3485,0.9832
29688.0644,0.9767
29699.7803,0.9703
29711.4962,0.9638
29723.2121,0.9573
29734.9280,0.9509
29746.6439,0.9444
29758.3598,0.9380
29770.0757,0.9316
29781.7916,0.9252
29793.5074,0.9188
29805.2233,0.9124
29816.9392,0.9061
29828.6551,0.8997
29840.3710,0.8934
29852.0869,0.8871
29863.8028,0.8807
29875.5187,0.8744
29887.2346,0.8682
29898.9505,0.8619
29910.6663,0.8556
29922.3822,0.8494
29934.0981,0.8431
29945.8140,0.8369
29957.5299,0.8307
29969.2458,0.8245
29980.9617,0.8183
29992.6776,0.8121
30004.3935,0.8059
30016.1093,0.7998
30027.8252,0.7936
30039.5411,0.7875
30051.2570,0.7814
30062.9729,0.7752
30074.6888,0.7691
30086.4047,0.7631
30098.1206,0.7570
30109.8365,0.7509
30121.5524,0.7449
30133.2682,0.7388
30144.9841,0.7328
30156.7000,0.7268
30168.4159,0.7207
30180.1318,0.7148
30191.8477,0.7088
30203.5636,0.7028
30215.2795,0.6968
30226.9954,0.6909
30238.7113,0.6849
30250.4271,0.6790
30262.1430,0.6731
30273.8589,0.6672
30285.5748,0.6613
30297.2907,0.6554
30309.0066,0.6495
30320.7225,0.6436
30332.4384,0.6378
30344.1543,0.6319
30355.8701,0.6261
30367.5860,0.6203
30379.3019,0.6145
30391.0178,0.6087
30402.7337,0.6029
30414.4496,0.5971
30426.1655,0.5913
30437.8814,0.5855
30449.5973,0.5798
30461.3132,0.5741
30473.0290,0.5683
30484.7449,0.5626
30496.4608,0.5569
30508.1767,0.5512
30519.8926,0.5455
30531.6085,0.5398
30543.3244,0.5342
30555.0403,0.5285
30566.7562,0.5229
30578.4721,0.5172
30590.1879,0.5116
30601.9038,0.5060
30613.6197,0.5004
30625.3356,0.4948
30637.0515,0.4892
30648.7674,0.4836
30660.4833,0.4780
30672.1992,0.4725
30683.9151,0.4669
30695.6309,0.4614
30707.3468,0.4559
30719.0627,0.4503
30730.7786,0.4448
30742.4945,0.4393
30754.2104,0.4339
30765.9263,0.4284
30777.6422,0.4229
30789.3581,0.4174
30801.0740,0.4120
30812.7898,0.4065
30824.5057,0.4011
30836.2216,0.3957
30847.9375,0.3903
30859.6534,0.3849
30871.3693,0.3795
30883.0852,0.3741
30894.8011,0.3687
30906.5170,0.3633
30918.2329,0.3580
30929.9487,0.3526
30941.6646,0.3473
30953.3805,0.3420
30965.0964,0.3366
30976.8123,0.3313
30988.5282,0.3260
31000.2441,0.3207
31011.9600,0.3155
31023.6759,0.3102
31035.3918,0.3049
31047.1076,0.2997
31058.8235,0.2944
31070.5394,0.2892
31082.2553,0.2839
31093.9712,0.2787
31105.6871,0.2735
31117.4030,0.2683
31129.1189,0.2631
31140.8348,0.2579
31152.5506,0.2527
31164.2665,0.2476
31175.9824,0.2424
31187.6983,0.2373
31199.4142,0.2321
31211.1301,0.2270
31222.8460,0.2219
31234.5619,0.2167
31246.2778,0.2116
31257.9937,0.2065
31269.7095,0.2014
31281.4254,0.1964
31293.1413,0.1913
31304.8572,0.1862
31316.5731,0.1812
31328.2890,0.1761
31340.0049,0.1711
31351.7208,0.1660
31363.4367,0.1610
31375.1526,0.1560
31386.8684,0.1510
31398.5843,0.1460
31410.3002,0.1410
31422.0161,0.1360
31433.7320,0.1311
31445.4479,0.1261
31457.1638,0.1211
31468.8797,0.1162
31480.5956,0.1113
31492.3114,0.1063
31504.0273,0.1014
31515.7432,0.0965
31527.4591,0.0916
31539.1750,0.0867
31550.8909,0.0818
31562.6068,0.0769
31574.3227,0.0720
31586.0386,0.0672
31597.7545,0.0623
31609.4703,0.0574
31621.1862,0.0526
31632.9021,0.0478
31644.6180,0.0429
31656.3339,0.0381
31668.0498,0.0333
31679.7657,0.0285
31691.4816,0.0237
31703.1975,0.0189
31714.9134,0.0141
31726.6292,0.0094
31738.3451,0.0046
31750.0610,-0.0002
31761.7769,-0.0049
31773.4928,-0.0097
31785.2087,-0.0144
31796.9246,-0.0191
31808.6405,-0.0238
31820.3564,-0.0286
31832.0722,-0.0333
31843.7881,-0.0380
31855.5040,-0.0426
31867.2199,-0.0473
31878.9358,-0.0520
31890.6517,-0.0567
31902.3676,-0.0613
31914.0835,-0.0660
31925.7994,-0.0706
31937.5153,-0.0753
31949.2311,-0.0799
31960.9470,-0.0845
31972.6629,-0.0891
31984.3788,-0.0937
31996.0947,-0.0983
32007.8106,-0.1029
32019.5265,-0.1075
32031.2424,-0.1121
32042.9583,-0.1167
32054.6742,-0.1212
32066.3900,-0.1258
32078.1059,-0.1303
32089.8218,-0.1349
32101.5377,-0.1394
32113.2536,-0.1439
32124.9695,-0.1485
32136.6854,-0.1530
32148.4013,-0.1575
32160.1172,-0.1620
32171.8330,-0.1665
32183.5489,-0.1709
32195.2648,-0.1754
32206.9807,-0.1799
32218.6966,-0.1844
32230.4125,-0.1888
32242.1284,-0.1933
32253.8443,-0.1977
32265.5602,-0.2021
32277.2761,-0.2066
32288.9919,-0.2110
32300.7078,-0.2154
32312.4237,-0.2198
32324.1396,-0.2242
32335.8555,-0.2286
32347.5714,-0.2330
32359.2873,-0.2374
32371.0032,-0.2418
32382.7191,-0.2461
32394.4350,-0.2505
32406.1508,-0.2548
32417.8667,-0.2592
32429.5826,-0.2635
32441.2985,-0.2679
32453.0144,-0.2722
32464.7303,-0.2765
32476.4462,-0.2808
32488.1621,-0.2851
32499.8780,-0.2894
32511.5938,-0.2937
32523.3097,-0.2980
32535.0256,-0.3023
32546.7415,-0.3065
32558.4574,-0.3108
32570.1733,-0.3151
32581.8892,-0.3193
32593.6051,-0.3236
32605.3210,-0.3278
32617.0369,-0.3320
32628.7527,-0.3363
32640.4686,-0.3405
32652.1845,-0.3447
32663.9004,-0.3489
32675.6163,-0.3531
32687.3322,-0.3573
32699.0481,-0.3615
32710.7640,-0.3657
32722.4799,-0.3699
32734.1958,-0.3740
32745.9116,-0.3782
32757.6275,-0.3823
32769.3434,-0.3865
32781.0593,-0.3906
32792.7752,-0.3948
32804.4911,-0.3989
32816.2070,-0.4030
32827.9229,-0.4072
32839.6388,-0.4113
32851.3546,-0.4154
32863.0705,-0.4195
32874.7864,-0.4236
32886.5023,-0.4276
32898.2182,-0.4317
32909.9341,-0.4358
32921.6500,-0.4399
32933.3659,-0.4439
32945.0818,-0.4480
32956.7977,-0.4520
32968.5135,-0.4561
32980.2294,-0.4601
32991.9453,-0.4642
33003.6612,-0.4682
33015.3771,-0.4722
33027.0930,-0.4762
33038.8089,-0.4802
33050.5248,-0.4842
33062.2407,-0.4882
33073.9566,-0.4922
33085.6724,-0.4962
33097.3883,-0.5002
33109.1042,-0.5041
33120.8201,-0.5081
33132.5360,-0.5121
33144.2519,-0.5160
33155.9678,-0.5200
33167.6837,-0.5239
33179.3996,-0.5278
33191.1155,-0.5318
33202.8313,-0.5357
33214.5472,-0.5396
33226.2631,-0.5435
33237.9790,-0.5474
33249.6949,-0.5513
33261.4108,-0.5552
33273.1267,-0.5591
33284.8426,-0.5630
33296.5585,-0.5669
33308.2743,-0.5707
33319.9902,-0.5746
33331.7061,-0.5785
33343.4220,-0.5823
33355.1379,-0.5862
33366.8538,-0.5900
33378.5697,-0.5939
33390.2856,-0.5977
33402.0015,-0.6015
33413.7174,-0.6053
33425.4332,-0.6091
33437.1491,-0.6130
33448.8650,-0.6168
33460.5809,-0.6206
33472.2968,-0.6243
33484.0127,-0.6281
33495.7286,-0.6319
33507.4445,-0.6357
33519.1604,-0.6395
33530.8763,-0.6432
33542.5921,-0.6470
33554.3080,-0.6507
33566.0239,-0.6545
33577.7398,-0.6582
33589.4557,-0.6619
33601.1716,-0.6657
33612.8875,-0.6694
33624.6034,-0.6731
33636.3193,-0.6768
33648.0351,-0.6805
33659.7510,-0.6843
33671.4669,-0.6879
33683.1828,-0.6916
33694.8987,-0.6953
33706.6146,-0.6990
33718.3305,-0.7027
33730.0464,-0.7063
33741.7623,-0.7100
33753.4782,-0.7137
33765.1940,-0.7173
33776.9099,-0.7210
33788.6258,-0.7246
33800.3417,-0.7283
33812.0576,-0.7319
33823.7735,-0.7355
33835.4894,-0.7391
33847.2053,-0.7428
33858.9212,-0.7464
33870.6371,-0.7500
33882.3529,-0.7536
33894.0688,-0.7572
33905.7847,-0.7608
33917.5006,-0.7643
33929.2165,-0.7679
33940.9324,-0.7715
33952.6483,-0.7751
33964.3642,-0.7786
33976.0801,-0.7822
33987.7959,-0.7857
33999.5118,-0.7893
34011.2277,-0.7928
34022.9436,-0.7964
34034.6595,-0.7999
34046.3754,-0.8034
34058.0913,-0.8069
34069.8072,-0.8105
34081.5231,-0.8140
34093.2390,-0.8175
34104.9548,-0.8210
34116.6707,-0.8245
34128.3866,-0.8280
34140.1025,-0.8315
34151.8184,-0.8349
34163.5343,-0.8384
34175.2502,-0.8419
34186.9661,-0.8454
34198.6820,-0.8488
34210.3979,-0.8523
34222.1137,-0.8557
34233.8296,-0.8592
34245.5455,-0.8626
34257.2614,-0.8660
34268.9773,-0.8695
34280.6932,-0.8729
34292.4091,-0.8763
34304.1250,-0.8797
34315.8409,-0.8831
34327.5567,-0.8866
34339.2726,-0.8900
34350.9885,-0.8933
34362.7044,-0.8967
34374.4203,-0.9001
34386.1362,-0.9035
34397.8521,-0.9069
34409.5680,-0.9103
34421.2839,-0.9136
34432.9998,-0.9170
34444.7156,-0.9203
34456.4315,-0.9237
34468.1474,-0.9270
34479.8633,-0.9304
34491.5792,-0.9337
34503.2951,-0.9371
34515.0110,-0.9404
34526.7269,-0.9437
34538.4428,-0.9470
34550.1587,-0.9503
34561.8745,-0.9536
34573.5904,-0.9569
34585.3063,-0.9602
34597.0222,-0.9635
34608.7381,-0.9668
34620.4540,-0.9701
34632.1699,-0.9734
34643.8858,-0.9767
34655.6017,-0.9799
34667.3175,-0.9832
34679.0334,-0.9865
34690.7493,-0.9897
34702.4652,-0.9930
34714.1811,-0.9962
34725.8970,-0.9995
34737.6129,-1.0027
34749.3288,-1.0059
34761.0447,-1.0092
34772.7606,-1.0124
34784.4764,-1.0156
34796.1923,-1.0188
34807.9082,-1.0220
34819.6241,-1.0252
34831.3400,-1.0284
34843.0559,-1.0316
34854.7718,-1.0348
34866.4877,-1.0380
34878.2036,-1.0412
34889.9195,-1.0444
34901.6353,-1.0475
34913.3512,-1.0507
34925.0671,-1.0539
34936.7830,-1.0570
34948.4989,-1.0602
34960.2148,-1.0633
34971.9307,-1.0665
34983.6466,-1.0696
34995.3625,-1.0728
35007.0784,-1.0759
35018.7942,-1.0790
35030.5101,-1.0821
35042.2260,-1.0853
35053.9419,-1.0884
35065.6578,-1.0915
35077.3737,-1.0946
35089.0896,-1.0977
35100.8055,-1.1008
35112.5214,-1.1039
35124.2372,-1.1070
35135.9531,-1.1100
35147.6690,-1.1131
35159.3849,-1.1162
35171.1008,-1.1193
35182.8167,-1.1223
35194.5326,-1.1254
35206.2485,-1.1284
35217.9644,-1.1315
35229.6803,-1.1345
35241.3961,-1.1376
35253.1120,-1.1406
35264.8279,-1.1437
35276.5438,-1.1467
35288.2597,-1.1497
35299.9756,-1.1527
35311.6915,-1.1558
35323.4074,-1.1588
35335.1233,-1.1618
35346.8392,-1.1648
35358.5550,-1.1678
35370.2709,-1.1708
35381.9868,-1.1738
35393.7027,-1.1767
35405.4186,-1.1797
35417.1345,-1.1827
35428.8504,-1.1857
35440.5663,-1.1886
35452.2822,-1.1916
35463.9980,-1.1946
35475.7139,-1.1975
35487.4298,-1.2005
35499.1457,-1.2034
35510.8616,-1.2064
35522.5775,-1.2093
35534.2934,-1.2123
35546.0093,-1.2152
35557.7252,-1.2181
35569.4411,-1.2210
35581.1569,-1.2239
35592.8728,-1.2269
35604.5887,-1.2298
35616.3046,-1.2327
35628.0205,-1.2356
35639.7364,-1.2385
35651.4523,-1.2414
35663.1682,-1.2443
35674.8841,-1.2471
35686.6000,-1.2500
35698.3158,-1.2529
35710.0317,-1.2558
35721.7476,-1.2586
35733.4635,-1.2615
35745.1794,-1.2644
35756.8953,-1.2672
35768.6112,-1.2701
35780.3271,-1.2729
35792.0430,-1.2758
35803.7588,-1.2786
35815.4747,-1.2814
35827.1906,-1.2843
35838.9065,-1.2871
35850.6224,-1.2899
35862.3383,-1.2927
35874.0542,-1.2956
35885.7701,-1.2984
35897.4860,-1.3012
35909.2019,-1.3040
35920.9177,-1.3068
35932.6336,-1.3096
35944.3495,-1.3124
35956.0654,-1.3151
35967.7813,-1.3179
35979.4972,-1.3207
35991.2131,-1.3235
36002.9290,-1.3263
36014.6449,-1.3290
36026.3608,-1.3318
36038.0766,-1.3345
36049.7925,-1.3373
36061.5084,-1.3400
36073.2243,-1.3428
36084.9402,-1.3455
36096.6561,-1.3483
36108.3720,-1.3510
36120.0879,-1.3537
36131.8038,-1.3565
36143.5196,-1.3592
36155.2355,-1.3619
36166.9514,-1.3646
36178.6673,-1.3673
36190.3832,-1.3700
36202.0991,-1.3727
36213.8150,-1.3754
36225.5309,-1.3781
36237.2468,-1.3808
36248.9627,-1.3835
36260.6785,-1.3862
36272.3944,-1.3889
36284.1103,-1.3916
36295.8262,-1.3942
36307.5421,-1.3969
36319.2580,-1.3996
36330.9739,-1.4022
36342.6898,-1.4049
36354.4057,-1.4075
36366.1216,-1.4102
36377.8374,-1.4128
36389.5533,-1.4155
36401.2692,-1.4181
36412.9851,-1.4207
36424.7010,-1.4234
36436.4169,-1.4260
36448.1328,-1.4286
36459.8487,-1.4312
36471.5646,-1.4339
36483.2804,-1.4365
36494.9963,-1.4391
36506.7122,-1.4417
36518.4281,-1.4443
36530.1440,-1.4469
36541.8599,-1.4495
36553.5758,-1.4520
36565.2917,-1.4546
36577.0076,-1.4572
36588.7235,-1.4598
36600.4393,-1.4624
36612.1552,-1.4649
36623.8711,-1.4675
36635.5870,-1.4701
36647.3029,-1.4726
36659.0188,-1.4752
36670.7347,-1.4777
36682.4506,-1.4803
36694.1665,-1.4828
36705.8824,-1.4854
36717.5982,-1.4879
36729.3141,-1.4904
36741.0300,-1.4929
36752.7459,-1.4955
36764.4618,-1.4980
36776.1777,-1.5005
36787.8936,-1.5030
36799.6095,-1.5055
36811.3254,-1.5080
36823.0412,-1.5105
36834.7571,-1.5130
36846.4730,-1.5155
36858.1889,-1.5180
36869.9048,-1.5205
36881.6207,-1.5230
36893.3366,-1.5255
36905.0525,-1.5280
36916.7684,-1.5304
36928.4843,-1.5329
36940.2001,-1.5354
36951.9160,-1.5378
36963.6319,-1.5403
36975.3478,-1.5428
36987.0637,-1.5452
36998.7796,-1.5477
37010.4955,-1.5501
37022.2114,-1.5525
37033.9273,-1.5550
37045.6432,-1.5574
37057.3590,-1.5598
37069.0749,-1.5623
37080.7908,-1.5647
37092.5067,-1.5671
37104.2226,-1.5695
37115.9385,-1.5719
37127.6544,-1.5743
37139.3703,-1.5768
37151.0862,-1.5792
37162.8021,-1.5816
37174.5179,-1.5840
37186.2338,-1.5863
37197.9497,-1.5887
37209.6656,-1.5911
37221.3815,-1.5935
37233.0974,-1.5959
37244.8133,-1.5982
37256.5292,-1.6006
37268.2451,-1.6030
37279.9609,-1.6053
37291.6768,-1.6077
37303.3927,-1.6101
37315.1086,-1.6124
37326.8245,-1.6148
37338.5404,-1.6171
37350.2563,-1.6194
37361.9722,-1.6218
37373.6881,-1.6241
37385.4040,-1.6265
37397.1198,-1.6288
37408.8357,-1.6311
37420.5516,-1.6334
37432.2675,-1.6357
37443.9834,-1.6381
37455.6993,-1.6404
37467.4152,-1.6427
37479.1311,-1.6450
37490.8470,-1.6473
37502.5629,-1.6496
37514.2787,-1.6519
37525.9946,-1.6542
37537.7105,-1.6564
37549.4264,-1.6587
37561.1423,-1.6610
37572.8582,-1.6633
37584.5741,-1.6656
37596.2900,-1.6678
37608.0059,-1.6701
37619.7217,-1.6724
37631.4376,-1.6746
37643.1535,-1.6769
37654.8694,-1.6791
37666.5853,-1.6814
37678.3012,-1.6836
37690.0171,-1.6859
37701.7330,-1.6881
37713.4489,-1.6903
37725.1648,-1.6926
37736.8806,-1.6948
37748.5965,-1.6970
37760.3124,-1.6993
37772.0283,-1.7015
37783.7442,-1.7037
37795.4601,-1.7059
37807.1760,-1.7081
37818.8919,-1.7103
37830.6078,-1.7125
37842.3237,-1.7147
37854.0395,-1.7169
37865.7554,-1.7191
37877.4713,-1.7213
37889.1872,-1.7235
37900.9031,-1.7257
37912.6190,-1.7278
37924.3349,-1.7300
37936.0508,-1.7322
37947.7667,-1.7344
37959.4825,-1.7365
37971.1984,-1.7387
37982.9143,-1.7409
37994.6302,-1.7430
38006.3461,-1.7452
38018.0620,-1.7473
38029.7779,-1.7495
38041.4938,-1.7516
38053.2097,-1.7537
38064.9256,-1.7559
38076.6414,-1.7580
38088.3573,-1.7601
38100.0732,-1.7623
38111.7891,-1.7644
38123.5050,-1.7665
38135.2209,-1.7686
38146.9368,-1.7707
38158.6527,-1.7729
38170.3686,-1.7750
38182.0845,-1.7771
38193.8003,-1.7792
38205.5162,-1.7813
38217.2321,-1.7834
38228.9480,-1.7854
38240.6639,-1.7875
38252.3798,-1.7896
38264.0957,-1.7917
38275.8116,-1.7938
38287.5275,-1.7959
38299.2433,-1.7979
38310.9592,-1.8000
38322.6751,-1.8021
38334.3910,-1.8041
38346.1069,-1.8062
38357.8228,-1.8082
38369.5387,-1.8103
38381.2546,-1.8123
38392.9705,-1.8144
38404.6864,-1.8164
38416.4022,-1.8185
38428.1181,-1.8205
38439.8340,-1.8225
38451.5499,-1.8246
38463.2658,-1.8266
38474.9817,-1.8286
38486.6976,-1.8306
38498.4135,-1.8327
38510.1294,-1.8347
38521.8453,-1.8367
38533.5611,-1.8387
38545.2770,-1.8407
38556.9929,-1.8427
38568.7088,-1.8447
38580.4247,-1.8467
38592.1406,-1.8487
38603.8565,-1.8507
38615.5724,-1.8527
38627.2883,-1.8547
38639.0041,-1.8566
38650.7200,-1.8586
38662.4359,-1.8606
38674.1518,-1.8626
38685.8677,-1.8645
38697.5836,-1.8665
38709.2995,-1.8685
38721.0154,-1.8704
38732.7313,-1.8724
38744.4472,-1.8743
38756.1630,-1.8763
38767.8789,-1.8782
38779.5948,-1.8802
38791.3107,-1.8821
38803.0266,-1.8840
38814.7425,-1.8860
38826.4584,-1.8879
38838.1743,-1.8898
38849.8902,-1.8918
38861.6061,-1.8937
38873.3219,-1.8956
38885.0378,-1.8975
38896.7537,-1.8994
38908.4696,-1.9013
38920.1855,-1.9032
38931.9014,-1.9051
38943.6173,-1.9070
38955.3332,-1.9089
38967.0491,-1.9108
38978.7649,-1.9127
38990.4808,-1.9146
39002.1967,-1.9165
39013.9126,-1.9184
39025.6285,-1.9203
39037.3444,-1.9221
39049.0603,-1.9240
39060.7762,-1.9259
39072.4921,-1.9278
39084.2080,-1.9296
39095.9238,-1.9315
39107.6397,-1.9333
39119.3556,-1.9352
39131.0715,-1.9370
39142.7874,-1.9389
39154.5033,-1.9407
39166.2192,-1.9426
39177.9351,-1.9444
39189.6510,-1.9463
39201.3669,-1.9481
39213.0827,-1.9499
39224.7986,-1.9518
39236.5145,-1.9536
39248.2304,-1.9554
39259.9463,-1.9572
39271.6622,-1.9590
39283.3781,-1.9609
39295.0940,-1.9627
39306.8099,-1.9645
39318.5258,-1.9663
39330.2416,-1.9681
39341.9575,-1.9699
39353.6734,-1.9717
39365.3893,-1.9735
39377.1052,-1.9752
39388.8211,-1.9770
39400.5370,-1.9788
39412.2529,-1.9806
39423.9688,-1.9824
39435.6846,-1.9842
39447.4005,-1.9859
39459.1164,-1.9877
39470.8323,-1.9895
39482.5482,-1.9912
39494.2641,-1.9930
39505.9800,-1.9947
39517.6959,-1.9965
39529.4118,-1.9982
39541.1277,-2.0000
39552.8435,-2.0017
39564.5594,-2.0035
39576.2753,-2.0052
39587.9912,-2.0070
39599.7071,-2.0087
39611.4230,-2.0104
39623.1389,-2.0122
39634.8548,-2.0139
39646.5707,-2.0156
39658.2866,-2.0173
39670.0024,-2.0191
39681.7183,-2.0208
39693.4342,-2.0225
39705.1501,-2.0242
39716.8660,-2.0259
39728.5819,-2.0276
39740.2978,-2.0293
39752.0137,-2.0310
39763.7296,-2.0327
39775.4454,-2.0344
39787.1613,-2.0361
39798.8772,-2.0377
39810.5931,-2.0394
39822.3090,-2.0411
39834.0249,-2.0428
39845.7408,-2.0445
39857.4567,-2.0461
39869.1726,-2.0478
39880.8885,-2.0495
39892.6043,-2.0511
39904.3202,-2.0528
39916.0361,-2.0544
39927.7520,-2.0561
39939.4679,-2.0577
39951.1838,-2.0594
39962.8997,-2.0610
39974.6156,-2.0627
39986.3315,-2.0643
39998.0474,-2.0660
40009.7632,-2.0676
40021.4791,-2.0692
40033.1950,-2.0709
40044.9109,-2.0725
40056.6268,-2.0741
40068.3427,-2.0757
40080.0586,-2.0773
40091.7745,-2.0790
40103.4904,-2.0806
40115.2062,-2.0822
40126.9221,-2.0838
40138.6380,-2.0854
40150.3539,-2.0870
40162.0698,-2.0886
40173.7857,-2.0902
40185.5016,-2.0918
40197.2175,-2.0934
40208.9334,-2.0950
40220.6493,-2.0965
40232.3651,-2.0981
40244.0810,-2.0997
40255.7969,-2.1013
40267.5128,-2.1028
40279.2287,-2.1044
40290.9446,-2.1060
40302.6605,-2.1075
40314.3764,-2.1091
40326.0923,-2.1107
40337.8082,-2.1122
40349.5240,-2.1138
40361.2399,-2.1153
40372.9558,-2.1169
40384.6717,-2.1184
40396.3876,-2.1200
40408.1035,-2.1215
40419.8194,-2.1230
40431.5353,-2.1246
40443.2512,-2.1261
40454.9670,-2.1276
40466.6829,-2.1292
40478.3988,-2.1307
40490.1147,-2.1322
40501.8306,-2.1337
40513.5465,-2.1352
40525.2624,-2.1367
40536.9783,-2.1383
40548.6942,-2.1398
40560.4101,-2.1413
40572.1259,-2.1428
40583.8418,-2.1443
40595.5577,-2.1458
40607.2736,-2.1473
40618.9895,-2.1487
40630.7054,-2.1502
40642.4213,-2.1517
40654.1372,-2.1532
40665.8531,-2.1547
40677.5690,-2.1561
40689.2848,-2.1576
40701.0007,-2.1591
40712.7166,-2.1606
40724.4325,-2.1620
40736.1484,-2.1635
40747.8643,-2.1650
40759.5802,-2.1664
40771.2961,-2.1679
40783.0120,-2.1693
40794.7278,-2.1708
40806.4437,-2.1722
40818.1596,-2.1737
40829.8755,-2.1751
40841.5914,-2.1765
40853.3073,-2.1780
40865.0232,-2.1794
40876.7391,-2.1808
40888.4550,-2.1823
40900.1709,-2.1837
40911.8867,-2.1851
40923.6026,-2.1865
40935.3185,-2.1880
40947.0344,-2.1894
40958.7503,-2.1908
40970.4662,-2.1922
40982.1821,-2.1936
40993.8980,-2.1950
41005.6139,-2.1964
41017.3298,-2.1978
41029.0456,-2.1992
41040.7615,-2.2006
41052.4774,-2.2020
41064.1933,-2.2034
41075.9092,-2.2048
41087.6251,-2.2061
41099.3410,-2.2075
41111.0569,-2.2089
41122.7728,-2.2103
41134.4887,-2.2117
41146.2045,-2.2130
41157.9204,-2.2144
41169.6363,-2.2158
41181.3522,-2.2171
41193.0681,-2.2185
41204.7840,-2.2198
41216.4999,-2.2212
41228.2158,-2.2225
41239.9317,-2.2239
41251.6475,-2.2252
41263.3634,-2.2266
41275.0793,-2.2279
41286.7952,-2.2293
41298.5111,-2.2306
41310.2270,-2.2319
41321.9429,-2.2333
41333.6588,-2.2346
41345.3747,-2.2359
41357.0906,-2.2372
41368.8064,-2.2386
41380.5223,-2.2399
41392.2382,-2.2412
41403.9541,-2.2425
41415.6700,-2.2438
41427.3859,-2.2451
41439.1018,-2.2464
41450.8177,-2.2477
41462.5336,-2.2490
41474.2495,-2.2503
41485.9653,-2.2516
41497.6812,-2.2529
41509.3971,-2.2542
41521.1130,-2.2555
41532.8289,-2.2568
41544.5448,-2.2580
41556.2607,-2.2593
41567.9766,-2.2606
41579.6925,-2.2619
41591.4083,-2.2631
41603.1242,-2.2644
41614.8401,-2.2657
41626.5560,-2.2669
41638.2719,-2.2682
41649.9878,-2.2695
41661.7037,-2.2707
41673.4196,-2.2720
41685.1355,-2.2732
41696.8514,-2.2745
41708.5672,-2.2757
41720.2831,-2.2770
41731.9990,-2.2782
41743.7149,-2.2794
41755.4308,-2.2807
41767.1467,-2.2819
41778.8626,-2.2831
41790.5785,-2.2844
41802.2944,-2.2856
41814.0103,-2.2868
41825.7261,-2.2880
41837.4420,-2.2892
41849.1579,-2.2905
41860.8738,-2.2917
41872.5897,-2.2929
41884.3056,-2.2941
41896.0215,-2.2953
41907.7374,-2.2965
41919.4533,-2.2977
41931.1691,-2.2989
41942.8850,-2.3001
41954.6009,-2.3013
41966.3168,-2.3025
41978.0327,-2.3037
41989.7486,-2.3048
42001.4645,-2.3060
42013.1804,-2.3072
42024.8963,-2.3084
42036.6122,-2.3095
42048.3280,-2.3107
42060.0439,-2.3119
42071.7598,-2.3131
42083.4757,-2.3142
42095.1916,-2.3154
42106.9075,-2.3165
42118.6234,-2.3177
42130.3393,-2.3189
42142.0552,-2.3200
42153.7711,-2.3212
42165.4869,-2.3223
42177.2028,-2.3234
42188.9187,-2.3246
42200.6346,-2.3257
42212.3505,-2.3269
42224.0664,-2.3280
42235.7823,-2.3291
42247.4982,-2.3303
42259.2141,-2.3314
42270.9299,-2.3325
42282.6458,-2.3336
42294.3617,-2.3347
42306.0776,-2.3359
42317.7935,-2.3370
42329.5094,-2.3381
42341.2253,-2.3392
42352.9412,-2.3403
42364.6571,-2.3414
42376.3730,-2.3425
42388.0888,-2.3436
42399.8047,-2.3447
42411.5206,-2.3458
42423.2365,-2.3469
42434.9524,-2.3480
42446.6683,-2.3491
42458.3842,-2.3501
42470.1001,-2.3512
42481.8160,-2.3523
42493.5319,-2.3534
42505.2477,-2.3545
42516.9636,-2.3555
42528.6795,-2.3566
42540.3954,-2.3577
42552.1113,-2.3587
42563.8272,-2.3598
42575.5431,-2.3608
42587.2590,-2.3619
42598.9749,-2.3630
42610.6907,-2.3640
42622.4066,-2.3651
42634.1225,-2.3661
42645.8384,-2.3672
42657.5543,-2.3682
42669.2702,-2.3692
42680.9861,-2.3703
42692.7020,-2.3713
42704.4179,-2.3723
42716.1338,-2.3734
42727.8496,-2.3744
42739.5655,-2.3754
42751.2814,-2.3764
42762.9973,-2.3775
42774.7132,-2.3785
42786.4291,-2.3795
42798.1450,-2.3805
42809.8609,-2.3815
42821.5768,-2.3825
42833.2927,-2.3835
42845.0085,-2.3845
42856.7244,-2.3855
42868.4403,-2.3865
42880.1562,-2.3875
42891.8721,-2.3885
42903.5880,-2.3895
42915.3039,-2.3905
42927.0198,-2.3915
42938.7357,-2.3925
42950.4515,-2.3935
42962.1674,-2.3944
42973.8833,-2.3954
42985.5992,-2.3964
42997.3151,-2.3974
43009.0310,-2.3983
43020.7469,-2.3993
43032.4628,-2.4003
43044.1787,-2.4012
43055.8946,-2.4022
43067.6104,-2.4031
43079.3263,-2.4041
43091.0422,-2.4050
43102.7581,-2.4060
43114.4740,-2.4069
43126.1899,-2.4079
43137.9058,-2.4088
43149.6217,-2.4098
43161.3376,-2.4107
43173.0535,-2.4116
43184.7693,-2.4126
43196.4852,-2.4135
43208.2011,-2.4144
43219.9170,-2.4154
43231.6329,-2.4163
43243.3488,-2.4172
43255.0647,-2.4181
43266.7806,-2.4190
43278.4965,-2.4199
43290.2124,-2.4209
43301.9282,-2.4218
43313.6441,-2.4227
43325.3600,-2.4236
43337.0759,-2.4245
43348.7918,-2.4254
43360.5077,-2.4263
43372.2236,-2.4272
43383.9395,-2.4281
43395.6554,-2.4290
43407.3712,-2.4298
43419.0871,-2.4307
43430.8030,-2.4316
43442.5189,-2.4325
43454.2348,-2.4334
43465.9507,-2.4342
43477.6666,-2.4351
43489.3825,-2.4360
43501.0984,-2.4369
43512.8143,-2.4377
43524.5301,-2.4386
43536.2460,-2.4394
43547.9619,-2.4403
43559.6778,-2.4412
43571.3937,-2.4420
43583.1096,-2.4429
43594.8255,-2.4437
43606.5414,-2.4446
43618.2573,-2.4454
43629.9732,-2.4462
43641.6890,-2.4471
43653.4049,-2.4479
43665.1208,-2.4488
43676.8367,-2.4496
43688.5526,-2.4504
43700.2685,-2.4513
43711.9844,-2.4521
43723.7003,-2.4529
43735.4162,-2.4537
43747.1320,-2.4545
43758.8479,-2.4554
43770.5638,-2.4562
43782.2797,-2.4570
43793.9956,-2.4578
43805.7115,-2.4586
43817.4274,-2.4594
43829.1433,-2.4602
43840.8592,-2.4610
43852.5751,-2.4618
43864.2909,-2.4626
43876.0068,-2.4634
43887.7227,-2.4642
43899.4386,-2.4650
43911.1545,-2.4658
43922.8704,-2.4665
43934.5863,-2.4673
43946.3022,-2.4681
43958.0181,-2.4689
43969.7340,-2.4696
43981.4498,-2.4704
43993.1657,-2.4712
44004.8816,-2.4720
44016.5975,-2.4727
44028.3134,-2.4735
44040.0293,-2.4742
44051.7452,-2.4750
44063.4611,-2.4757
44075.1770,-2.4765
44086.8928,-2.4773
44098.6087,-2.4780
44110.3246,-2.4788
44122.0405,-2.4795
44133.7564,-2.4802
44145.4723,-2.4810
44157.1882,-2.4817
44168.9041,-2.4824
44180.6200,-2.4832
44192.3359,-2.4839
44204.0517,-2.4846
44215.7676,-2.4854
44227.4835,-2.4861
44239.1994,-2.4868
44250.9153,-2.4875
44262.6312,-2.4882
44274.3471,-2.4889
44286.0630,-2.4897
44297.7789,-2.4904
44309.4948,-2.4911
44321.2106,-2.4918
44332.9265,-2.4925
44344.6424,-2.4932
44356.3583,-2.4939
44368.0742,-2.4946
44379.7901,-2.4953
44391.5060,-2.4959
44403.2219,-2.4966
44414.9378,-2.4973
44426.6536,-2.4980
44438.3695,-2.4987
44450.0854,-2.4994
44461.8013,-2.5000
44473.5172,-2.5007
44485.2331,-2.5014
44496.9490,-2.5021
44508.6649,-2.5027
44520.3808,-2.5034
44532.0967,-2.5041
44543.8125,-2.5047
44555.5284,-2.5054
44567.2443,-2.5060
44578.9602,-2.5067
44590.6761,-2.5073
44602.3920,-2.5080
44614.1079,-2.5086
44625.8238,-2.5093
44637.5397,-2.5099
44649.2556,-2.5105
44660.9714,-2.5112
44672.6873,-2.5118
44684.4032,-2.5124
44696.1191,-2.5131
44707.8350,-2.5137
44719.5509,-2.5143
44731.2668,-2.5149
44742.9827,-2.5156
44754.6986,-2.5162
44766.4144,-2.5168
44778.1303,-2.5174
44789.8462,-2.5180
44801.5621,-2.5186
44813.2780,-2.5192
44824.9939,-2.5199
44836.7098,-2.5205
44848.4257,-2.5211
44860.1416,-2.5217
44871.8575,-2.5222
44883.5733,-2.5228
44895.2892,-2.5234
44907.0051,-2.5240
44918.7210,-2.5246
44930.4369,-2.5252
44942.1528,-2.5258
44953.8687,-2.5264
44965.5846,-2.5269
44977.3005,-2.5275
44989.0164,-2.5281
45000.7322,-2.5286
45012.4481,-2.5292
45024.1640,-2.5298
45035.8799,-2.5303
45047.5958,-2.5309
45059.3117,-2.5315
45071.0276,-2.5320
45082.7435,-2.5326
45094.4594,-2.5331
45106.1753,-2.5337
45117.8911,-2.5342
45129.6070,-2.5348
45141.3229,-2.5353
45153.0388,-2.5359
45164.7547,-2.5364
45176.4706,-2.5369
45188.1865,-2.5375
45199.9024,-2.5380
45211.6183,-2.5385
45223.3341,-2.5391
45235.0500,-2.5396
45246.7659,-2.5401
45258.4818,-2.5406
45270.1977,-2.5411
45281.9136,-2.5417
45293.6295,-2.5422
45305.3454,-2.5427
45317.0613,-2.5432
45328.7772,-2.5437
45340.4930,-2.5442
45352.2089,-2.5447
45363.9248,-2.5452
45375.6407,-2.5457
45387.3566,-2.5462
45399.0725,-2.5467
45410.7884,-2.5472
45422.5043,-2.5477
45434.2202,-2.5482
45445.9361,-2.5486
45457.6519,-2.5491
45469.3678,-2.5496
45481.0837,-2.5501
45492.7996,-2.5506
45504.5155,-2.5510
45516.2314,-2.5515
45527.9473,-2.5520
45539.6632,-2.5524
45551.3791,-2.5529
45563.0949,-2.5534
45574.8108,-2.5538
45586.5267,-2.5543
45598.2426,-2.5547
45609.9585,-2.5552
45621.6744,-2.5556
45633.3903,-2.5561
45645.1062,-2.5565
45656.8221,-2.5570
45668.5380,-2.5574
45680.2538,-2.5578
45691.9697,-2.5583
45703.6856,-2.5587
45715.4015,-2.5591
45727.1174,-2.5596
45738.8333,-2.5600
45750.5492,-2.5604
45762.2651,-2.5609
45773.9810,-2.5613
45785.6969,-2.5617
45797.4127,-2.5621
45809.1286,-2.5625
45820.8445,-2.5629
45832.5604,-2.5633
45844.2763,-2.5638
45855.9922,-2.5642
45867.7081,-2.5646
45879.4240,-2.5650
45891.1399,-2.5654
45902.8557,-2.5658
45914.5716,-2.5662
45926.2875,-2.5665
45938.0034,-2.5669
45949.7193,-2.5673
45961.4352,-2.5677
45973.1511,-2.5681
45984.8670,-2.5685
45996.5829,-2.5688
46008.2988,-2.5692
46020.0146,-2.5696
46031.7305,-2.5700
46043.4464,-2.5703
46055.1623,-2.5707
46066.8782,-2.5711
46078.5941,-2.5714
46090.3100,-2.5718
46102.0259,-2.5721
46113.7418,-2.5725
46125.4577,-2.5729
46137.1735,-2.5732
46148.8894,-2.5736
46160.6053,-2.5739
46172.3212,-2.5743
46184.0371,-2.5746
46195.7530,-2.5749
46207.4689,-2.5753
46219.1848,-2.5756
46230.9007,-2.5759
46242.6165,-2.5763
46254.3324,-2.5766
46266.0483,-2.5769
46277.7642,-2.5773
46289.4801,-2.5776
46301.1960,-2.5779
46312.9119,-2.5782
46324.6278,-2.5785
46336.3437,-2.5788
46348.0596,-2.5792
46359.7754,-2.5795
46371.4913,-2.5798
46383.2072,-2.5801
46394.9231,-2.5804
46406.6390,-2.5807
46418.3549,-2.5810
46430.0708,-2.5813
46441.7867,-2.5816
46453.5026,-2.5819
46465.2185,-2.5821
46476.9343,-2.5824
46488.6502,-2.5827
46500.3661,-2.5830
46512.0820,-2.5833
46523.7979,-2.5836
46535.5138,-2.5838
46547.2297,-2.5841
46558.9456,-2.5844
46570.6615,-2.5847
46582.3773,-2.5849
46594.0932,-2.5852
46605.8091,-2.5854
46617.5250,-2.5857
46629.2409,-2.5860
46640.9568,-2.5862
46652.6727,-2.5865
46664.3886,-2.5867
46676.1045,-2.5870
46687.8204,-2.5872
46699.5362,-2.5875
46711.2521,-2.5877
46722.9680,-2.5879
46734.6839,-2.5882
46746.3998,-2.5884
46758.1157,-2.5887
46769.8316,-2.5889
46781.5475,-2.5891
46793.2634,-2.5893
46804.9793,-2.5896
46816.6951,-2.5898
46828.4110,-2.5900
46840.1269,-2.5902
46851.8428,-2.5904
46863.5587,-2.5906
46875.2746,-2.5909
46886.9905,-2.5911
46898.7064,-2.5913
46910.4223,-2.5915
46922.1381,-2.5917
46933.8540,-2.5919
46945.5699,-2.5921
46957.2858,-2.5923
46969.0017,-2.5925
46980.7176,-2.5927
46992.4335,-2.5929
47004.1494,-2.5930
47015.8653,-2.5932
47027.5812,-2.5934
47039.2970,-2.5936
47051.0129,-2.5938
47062.7288,-2.5939
47074.4447,-2.5941
47086.1606,-2.5943
47097.8765,-2.5945
47109.5924,-2.5946
47121.3083,-2.5948
47133.0242,-2.5949
47144.7401,-2.5951
47156.4559,-2.5953
47168.1718,-2.5954
47179.8877,-2.5956
47191.6036,-2.5957
47203.3195,-2.5959
47215.0354,-2.5960
47226.7513,-2.5962
47238.4672,-2.5963
47250.1831,-2.5964
47261.8990,-2.5966
47273.6148,-2.5967
47285.3307,-2.5969
47297.0466,-2.5970
47308.7625,-2.5971
47320.4784,-2.5972
47332.1943,-2.5974
47343.9102,-2.5975
47355.6261,-2.5976
47367.3420,-2.5977
47379.0578,-2.5979
47390.7737,-2.5980
47402.4896,-2.5981
47414.2055,-2.5982
47425.9214,-2.5983
47437.6373,-2.5984
47449.3532,-2.5985
47461.0691,-2.5986
47472.7850,-2.5987
47484.5009,-2.5988
47496.2167,-2.5989
47507.9326,-2.5990
47519.6485,-2.5991
47531.3644,-2.5992
47543.0803,-2.5992
47554.7962,-2.5993
47566.5121,-2.5994
47578.2280,-2.5995
47589.9439,-2.5996
47601.6598,-2.5996
47613.3756,-2.5997
47625.0915,-2.5998
47636.8074,-2.5998
47648.5233,-2.5999
47660.2392,-2.6000
47671.9551,-2.6000
47683.6710,-2.6001
47695.3869,-2.6001
47707.1028,-2.6002
47718.8186,-2.6003
47730.5345,-2.6003
47742.2504,-2.6003
47753.9663,-2.6004
47765.6822,-2.6004
47777.3981,-2.6005
47789.1140,-2.6005
47800.8299,-2.6006
47812.5458,-2.6006
47824.2617,-2.6006
47835.9775,-2.6006
47847.6934,-2.6007
47859.4093,-2.6007
47871.1252,-2.6007
47882.8411,-2.6007
47894.5570,-2.6008
47906.2729,-2.6008
47917.9888,-2.6008
47929.7047,-2.6008
47941.4206,-2.6008
47953.1364,-2.6008
47964.8523,-2.6008
47976.5682,-2.6008
47988.2841,-2.6008
